"Id","UserId","Avatar","Author","Content","Url","ReactionsCount","Depth","SubCommentsCount","CommentAt"
"Y29tbWVudDo3NTU0Njc3MzMzNTQ4OTdfMzUxNjg5OTQ3OTE2MzQ1","1509750360","https://scontent.fhyd11-3.fna.fbcdn.net/v/t39.30808-1/432305510_10231326251888770_3692625316165803538_n.jpg?stp=c0.0.32.32a_cp0_dst-jpg_p32x32&_nc_cat=107&ccb=1-7&_nc_sid=5f2048&_nc_ohc=6UDcWJQy0vkAb4uHCje&_nc_ht=scontent.fhyd11-3.fna&oh=00_AfAxtM6WA0eGP_STa9IPYRijeAS9hMrvaTAI4YfDjR5OtA&oe=66188824","Julian Thomas","What a twunt‚Ä¶.oh well‚Ä¶ü§®ü§¶‚Äç‚ôÇÔ∏è","https://www.facebook.com/Idiotukdriversmedia/posts/pfbid036g4DRMgNCd8BtQJAwHUDgaaub6En6qPvR39bfXmMcjPMfq9CemQLkRUHPzGas3Mel?comment_id=351689947916345","1","0","0","04/07/2024 01:55:05 AM"
"Y29tbWVudDo3NTU0Njc3MzMzNTQ4OTdfOTI3NTIxMDY1Njk5NDY1","596083098","https://scontent.fhyd11-1.fna.fbcdn.net/v/t39.30808-1/391696766_10160039360248099_968246706813076180_n.jpg?stp=cp6_dst-jpg_p32x32&_nc_cat=111&ccb=1-7&_nc_sid=5f2048&_nc_ohc=owkAI9YKm0MAb6K310a&_nc_ht=scontent.fhyd11-1.fna&oh=00_AfD4CRaQsP1QIv8RQrKAgH-wyTGWoGb0jMFlr5c0YuyqYw&oe=66185E6B","Wayne Zippy Kelleher","BMW driver üòÇüòÇ","https://www.facebook.com/Idiotukdriversmedia/posts/pfbid036g4DRMgNCd8BtQJAwHUDgaaub6En6qPvR39bfXmMcjPMfq9CemQLkRUHPzGas3Mel?comment_id=927521065699465","9","0","0","04/07/2024 01:55:50 AM"
"Y29tbWVudDo3NTU0Njc3MzMzNTQ4OTdfMjE5MTQwOTU1NDM2NTg4Ng==","806340159","https://scontent.fhyd11-1.fna.fbcdn.net/v/t39.30808-1/402648390_10168947408990160_5269585689153753414_n.jpg?stp=cp6_dst-jpg_p32x32&_nc_cat=110&ccb=1-7&_nc_sid=5f2048&_nc_ohc=TMKdc5woiZ8Ab4tVXbH&_nc_ht=scontent.fhyd11-1.fna&oh=00_AfBi4OJ1yn2sbGLoMLNCwyTxyHpwDVwzrKkXjwRoAh51-Q&oe=66188142","Ty Astridge","Meanwhile, Susan is still doing 56mph in the middle lane.","https://www.facebook.com/Idiotukdriversmedia/posts/pfbid036g4DRMgNCd8BtQJAwHUDgaaub6En6qPvR39bfXmMcjPMfq9CemQLkRUHPzGas3Mel?comment_id=2191409554365886","218","0","19","04/07/2024 01:55:59 AM"
"Y29tbWVudDo3NTU0Njc3MzMzNTQ4OTdfMTA5MDQ0NjEzNTU5Njg5Mw==","100014540507498","https://scontent.fhyd11-2.fna.fbcdn.net/v/t39.30808-1/424888564_1769230523571614_2967887060782799810_n.jpg?stp=cp0_dst-jpg_p32x32&_nc_cat=105&ccb=1-7&_nc_sid=5f2048&_nc_ohc=ELKwF8s_22MAb4NoGsP&_nc_ht=scontent.fhyd11-2.fna&oh=00_AfAzRI24-ItEPEdSBRtXcyMbnnTRbYmzCOyZ_B5nGb6uHw&oe=66185E35","Glyn Adams","https://external.fhyd11-2.fna.fbcdn.net/emg1/v/t13/13752901239594550454?url=https%3A%2F%2Fmedia4.giphy.com%2Fmedia%2Fv1.Y2lkPTk5OWFjZWFjdG5tZmVqMDQ0cXJzc3F0ZWgwOHR4OHNhdDBnMHMyb2h5MmFvcm9oYSZlcD12MV9naWZzX3NlYXJjaCZjdD1n%2FYmQLj2KxaNz58g7Ofg%2Fgiphy.gif&fb_obo=1&utld=giphy.com&stp=dst-emg0_q75_s244x156&ccb=13-1&oh=06_AX2eUj6pCzoAXREKg9sxQk8UexeT2LdZ-P6tVGH0YWdl2Q&oe=6614942B&_nc_sid=c97757","https://www.facebook.com/Idiotukdriversmedia/posts/pfbid036g4DRMgNCd8BtQJAwHUDgaaub6En6qPvR39bfXmMcjPMfq9CemQLkRUHPzGas3Mel?comment_id=1090446135596893","1","0","0","04/07/2024 01:56:53 AM"
"Y29tbWVudDo3NTU0Njc3MzMzNTQ4OTdfMTM3NTUxMTQ2NjUwMjg3MA==","100026406218653","https://scontent.fhyd11-1.fna.fbcdn.net/v/t39.30808-1/335891823_1599366013908085_6186710724473872551_n.jpg?stp=c238.135.566.567a_cp0_dst-jpg_s32x32&_nc_cat=102&ccb=1-7&_nc_sid=5f2048&_nc_ohc=tAyG7zH18V4Ab5VeiY6&_nc_ht=scontent.fhyd11-1.fna&oh=00_AfBqpA8mRbtrPLvrlaLVd37t2dpA7rYIACg3eDWctmJYKg&oe=66185A02","Samuel Vaux","50mph over the speed limit! So dangerous! Hope not to share the roads with that driver any time soon.","https://www.facebook.com/Idiotukdriversmedia/posts/pfbid036g4DRMgNCd8BtQJAwHUDgaaub6En6qPvR39bfXmMcjPMfq9CemQLkRUHPzGas3Mel?comment_id=1375511466502870","50","0","7","04/07/2024 01:57:30 AM"
"Y29tbWVudDo3NTU0Njc3MzMzNTQ4OTdfMTU4OTEzMjk5ODY4NTUyOQ==","100003198263188","https://scontent.fhyd11-3.fna.fbcdn.net/v/t39.30808-1/405009421_6770097053106836_4262390834256921955_n.jpg?stp=cp0_dst-jpg_p32x32&_nc_cat=109&ccb=1-7&_nc_sid=5f2048&_nc_ohc=pZiIHq6w8-wAb63wcAH&_nc_ht=scontent.fhyd11-3.fna&oh=00_AfA1dGH7OxG_RIEKLloW_BJRwZevnSaey2GWKmBwdRo3BA&oe=66186EA6","Mk Brad","Great work üëè","https://www.facebook.com/Idiotukdriversmedia/posts/pfbid036g4DRMgNCd8BtQJAwHUDgaaub6En6qPvR39bfXmMcjPMfq9CemQLkRUHPzGas3Mel?comment_id=1589132998685529","1","0","0","04/07/2024 01:57:49 AM"
"Y29tbWVudDo3NTU0Njc3MzMzNTQ4OTdfOTYxOTUwNDg4NTUxNTQ4","606051679","https://scontent.fhyd11-1.fna.fbcdn.net/v/t39.30808-1/433960588_10160368078606680_4981297711845757300_n.jpg?stp=c0.0.32.32a_cp6_dst-jpg_p32x32&_nc_cat=102&ccb=1-7&_nc_sid=5f2048&_nc_ohc=yitIbnPuj-AAb4MHOtu&_nc_ht=scontent.fhyd11-1.fna&oh=00_AfB8f7RatT6Tq5pvbLrY8-LJ4JCSzhUcGjW_8TbFY8MaXw&oe=661874A3","Kev Pearce","Ban for life.","https://www.facebook.com/Idiotukdriversmedia/posts/pfbid036g4DRMgNCd8BtQJAwHUDgaaub6En6qPvR39bfXmMcjPMfq9CemQLkRUHPzGas3Mel?comment_id=961950488551548","47","0","13","04/07/2024 01:58:27 AM"
"Y29tbWVudDo3NTU0Njc3MzMzNTQ4OTdfNzUzMzc2OTk5MDAyMDk2OA==","501496647","https://scontent.fhyd11-1.fna.fbcdn.net/v/t39.30808-1/244198815_10159343602321648_2326476150627469626_n.jpg?stp=cp0_dst-jpg_p32x32&_nc_cat=102&ccb=1-7&_nc_sid=5f2048&_nc_ohc=bR2AzwAuJnwAb610_Jb&_nc_ht=scontent.fhyd11-1.fna&oh=00_AfC3q66XadhZeKHG5Zk7vAZ7isculYXEHektpmwWibcsdw&oe=661879C4","James Tickett","How fast was the unmarked dog?","https://www.facebook.com/Idiotukdriversmedia/posts/pfbid036g4DRMgNCd8BtQJAwHUDgaaub6En6qPvR39bfXmMcjPMfq9CemQLkRUHPzGas3Mel?comment_id=7533769990020968","12","0","3","04/07/2024 01:58:56 AM"
"Y29tbWVudDo3NTU0Njc3MzMzNTQ4OTdfMTE1MjAwMjY2MjY0NjEwNg==","651130397","https://scontent.fhyd11-1.fna.fbcdn.net/v/t39.30808-1/402407899_10167959910115398_1351431232676814746_n.jpg?stp=cp0_dst-jpg_p32x32&_nc_cat=111&ccb=1-7&_nc_sid=5f2048&_nc_ohc=cysDacspEYYAb70ZqsY&_nc_ht=scontent.fhyd11-1.fna&oh=00_AfCwarvfOe6v7ubogpkhU580wPoYfqAGPdLpg1RoMnSHJQ&oe=66188BC2","Frazer Verth","Womp womp","https://www.facebook.com/Idiotukdriversmedia/posts/pfbid036g4DRMgNCd8BtQJAwHUDgaaub6En6qPvR39bfXmMcjPMfq9CemQLkRUHPzGas3Mel?comment_id=1152002662646106","2","0","0","04/07/2024 01:59:09 AM"
"Y29tbWVudDo3NTU0Njc3MzMzNTQ4OTdfNDExODQ2MTI4MjE2NzYx","1128950158","https://scontent.fhyd11-1.fna.fbcdn.net/v/t31.18172-1/202626_4260347223448_761139602_o.jpg?stp=c362.106.1324.1324a_cp0_dst-jpg_s32x32&_nc_cat=102&ccb=1-7&_nc_sid=5f2048&_nc_ohc=6E779uDf-BkAb7oBeW_&_nc_ht=scontent.fhyd11-1.fna&oh=00_AfBLT2fygE2j1jeI2o7vJPRx7bkdzUOVo3Og4GVx3N6Vkg&oe=663A051B","David Masters","Fast dog","https://www.facebook.com/Idiotukdriversmedia/posts/pfbid036g4DRMgNCd8BtQJAwHUDgaaub6En6qPvR39bfXmMcjPMfq9CemQLkRUHPzGas3Mel?comment_id=411846128216761","0","0","0","04/07/2024 01:59:26 AM"
"Y29tbWVudDo3NTU0Njc3MzMzNTQ4OTdfMTA4NjEwNjY4NjAxMzAyMg==","100070235677875","https://scontent.fhyd11-3.fna.fbcdn.net/v/t39.30808-1/347591058_320728610278326_6625800070202132305_n.jpg?stp=cp0_dst-jpg_p32x32&_nc_cat=107&ccb=1-7&_nc_sid=5f2048&_nc_ohc=e7hJTCegn04Ab6Sb4Pc&_nc_oc=Adishg5WBpMPXBrst-nEefSyvmmaJh9eX1C-yU-ekVx8-b0dGiRCjuYB_5P_vLjnI_Ymx4lhtaoIihHOg89Pbkdz&_nc_ht=scontent.fhyd11-3.fna&oh=00_AfDjWt-uzLCHfEvNgQWosACmEcYujDnugbnI601Sk4mXyQ&oe=6618702A","Jamie Mcf","Sure 120 isint quick in a bmw hai send her on","https://www.facebook.com/Idiotukdriversmedia/posts/pfbid036g4DRMgNCd8BtQJAwHUDgaaub6En6qPvR39bfXmMcjPMfq9CemQLkRUHPzGas3Mel?comment_id=1086106686013022","1","0","0","04/07/2024 02:00:27 AM"
"Y29tbWVudDo3NTU0Njc3MzMzNTQ4OTdfMzY0OTU2Nzg0ODY1OTQ1Ng==","61554406141625","https://scontent.fhyd11-3.fna.fbcdn.net/v/t39.30808-1/408820901_122098555964146871_265221836402573914_n.jpg?stp=cp0_dst-jpg_p32x32&_nc_cat=106&ccb=1-7&_nc_sid=5f2048&_nc_ohc=q0FA8ybMJUgAb6vRR3K&_nc_ht=scontent.fhyd11-3.fna&oh=00_AfAIrydtK2PH-2lpC2HpVZ3bOIERVaLLvHclLNBkoW2-_g&oe=66188BE8","Radu Fernando","Only 120? Come to dundee Muaz Sirakov üòÇüòÇüòÇ","https://www.facebook.com/Idiotukdriversmedia/posts/pfbid036g4DRMgNCd8BtQJAwHUDgaaub6En6qPvR39bfXmMcjPMfq9CemQLkRUHPzGas3Mel?comment_id=3649567848659456","0","0","1","04/07/2024 02:00:31 AM"
"Y29tbWVudDo3NTU0Njc3MzMzNTQ4OTdfOTQ1NTE5OTIwMjA4NTE1","1539276477","https://scontent.fhyd11-1.fna.fbcdn.net/v/t1.18169-1/13319957_10209608274553894_4589834562652079865_n.jpg?stp=cp0_dst-jpg_p32x32&_nc_cat=100&ccb=1-7&_nc_sid=5f2048&_nc_ohc=1fGKldXo3TMAb43866j&_nc_oc=AdjWAYMnMwJZ-a5emhs5n26NzwLcKy191DXNPyfhtuKQziewBL7JkpLNHuUX50503mgrCbd1r3ylxIur_DFsn3UV&_nc_ht=scontent.fhyd11-1.fna&oh=00_AfCvGSW9BZQBpagoj4yVL2dFbptvIHz0tyjy8jb6_-j_7g&oe=663A1E3B","Pat Rick","Actual footage of the dog unit giving chase...

https://external.fhyd11-2.fna.fbcdn.net/emg1/v/t13/11398927511955539745?url=https%3A%2F%2Fmedia.tenor.co%2FZ42Fo4WKPrQAAAAC%2Fdog-driving.gif%3Ft%3DAAYVc3F-TFsDg8rIBQbhBg%26c%3DVjFfZmFjZWJvb2s&fb_obo=1&utld=tenor.co&stp=dst-jpg_flffffff_q75_s396x396&ccb=13-1&oh=06_AX134mtKWrfXG1h5yCoJIBEkOwiR0S3JBCtvgbNNZj7f-A&oe=66146F62&_nc_sid=867500","https://www.facebook.com/Idiotukdriversmedia/posts/pfbid036g4DRMgNCd8BtQJAwHUDgaaub6En6qPvR39bfXmMcjPMfq9CemQLkRUHPzGas3Mel?comment_id=945519920208515","19","0","0","04/07/2024 02:01:40 AM"
"Y29tbWVudDo3NTU0Njc3MzMzNTQ4OTdfMTM1MzYxMDA1ODY2OTc2Mg==","1252067208","https://scontent.fhyd11-2.fna.fbcdn.net/v/t39.30808-1/346892985_957333918755185_1692586924870839822_n.jpg?stp=cp0_dst-jpg_p32x32&_nc_cat=105&ccb=1-7&_nc_sid=5f2048&_nc_ohc=nGUE9mVeoegAb66a-G4&_nc_ht=scontent.fhyd11-2.fna&oh=00_AfBYQYqM3XUqXpw2XUnmWNXy_ZC_5c6olQXGLMsdSOXWxg&oe=6618805B","Dale Evans","Another Ahmed off the road","https://www.facebook.com/Idiotukdriversmedia/posts/pfbid036g4DRMgNCd8BtQJAwHUDgaaub6En6qPvR39bfXmMcjPMfq9CemQLkRUHPzGas3Mel?comment_id=1353610058669762","0","0","0","04/07/2024 02:01:41 AM"
"Y29tbWVudDo3NTU0Njc3MzMzNTQ4OTdfMTYxNDMzMjYyOTM5Nzk5NQ==","1611977119","https://scontent.fhyd11-2.fna.fbcdn.net/v/t39.30808-1/361943010_10226796329246942_7168798754007240975_n.jpg?stp=cp0_dst-jpg_p32x32&_nc_cat=105&ccb=1-7&_nc_sid=5f2048&_nc_ohc=pHMxyrWgiWoAb5wTYlV&_nc_ht=scontent.fhyd11-2.fna&oh=00_AfCgZtRUemSdNdmYXeuQ9YIXZ0dzwtwoz-qVQOWJbcxYvg&oe=66187C63","Stu Stewie Lambeth","Woof justice","https://www.facebook.com/Idiotukdriversmedia/posts/pfbid036g4DRMgNCd8BtQJAwHUDgaaub6En6qPvR39bfXmMcjPMfq9CemQLkRUHPzGas3Mel?comment_id=1614332629397995","0","0","0","04/07/2024 02:02:15 AM"
"Y29tbWVudDo3NTU0Njc3MzMzNTQ4OTdfNDQ5OTY3MDk0MDQyMDQ1","605475139","https://scontent.fhyd11-1.fna.fbcdn.net/v/t39.30808-1/434411745_10161251285220140_2776706474857203364_n.jpg?stp=cp6_dst-jpg_p32x32&_nc_cat=102&ccb=1-7&_nc_sid=5f2048&_nc_ohc=NAhWzIcUAK0Ab7yq1yw&_nc_ht=scontent.fhyd11-1.fna&oh=00_AfBy0y9P5xmAet8F5I9nW5Lnlgm43KQlEraswDKY5Pt4mA&oe=66186EFC","Josh Page","Christ, they train those dogs to run fast nowadays!","https://www.facebook.com/Idiotukdriversmedia/posts/pfbid036g4DRMgNCd8BtQJAwHUDgaaub6En6qPvR39bfXmMcjPMfq9CemQLkRUHPzGas3Mel?comment_id=449967094042045","1","0","0","04/07/2024 02:04:01 AM"
"Y29tbWVudDo3NTU0Njc3MzMzNTQ4OTdfMTEzMjA5MDQzMTMxMzMyMw==","746347875","https://scontent.fhyd11-3.fna.fbcdn.net/v/t39.30808-1/374990862_10159742445567876_2464456032155430375_n.jpg?stp=cp0_dst-jpg_p32x32&_nc_cat=108&ccb=1-7&_nc_sid=5f2048&_nc_ohc=fi53q4RRnIwAb7i7UmY&_nc_ht=scontent.fhyd11-3.fna&oh=00_AfDwt6vOzvXjeOoNMK1pyJBXweqH9GYcC9j4jPE5Fa6CPw&oe=661874BE","Scott Parfitt","Safer doing 120 mph than the twat doing 50 in the middle lane ü§∑‚Äç‚ôÇÔ∏è","https://www.facebook.com/Idiotukdriversmedia/posts/pfbid036g4DRMgNCd8BtQJAwHUDgaaub6En6qPvR39bfXmMcjPMfq9CemQLkRUHPzGas3Mel?comment_id=1132090431313323","6","0","0","04/07/2024 02:04:51 AM"
"Y29tbWVudDo3NTU0Njc3MzMzNTQ4OTdfMzI2MzM0NDY2NzU5MTAy","100004916224399","https://scontent.fhyd11-1.fna.fbcdn.net/v/t39.30808-1/357423776_2473008312873019_270520148964635183_n.jpg?stp=cp0_dst-jpg_p32x32&_nc_cat=111&ccb=1-7&_nc_sid=5f2048&_nc_ohc=OdcSTIqyYy4Ab4VEyxn&_nc_ht=scontent.fhyd11-1.fna&oh=00_AfAufBzCAmDK1vx8nprVLf1TTMi_l7KOVLosAfs9l7_Qaw&oe=66187D1C","Allen Taylor","Will BMW drivers ever learn?","https://www.facebook.com/Idiotukdriversmedia/posts/pfbid036g4DRMgNCd8BtQJAwHUDgaaub6En6qPvR39bfXmMcjPMfq9CemQLkRUHPzGas3Mel?comment_id=326334466759102","4","0","3","04/07/2024 02:05:12 AM"
"Y29tbWVudDo3NTU0Njc3MzMzNTQ4OTdfMTA4NzE0MDY1NjI2MzU1NQ==","712641701","https://scontent.fhyd11-1.fna.fbcdn.net/v/t39.30808-1/419045802_10160922379561702_3126696664781684480_n.jpg?stp=cp0_dst-jpg_p32x32&_nc_cat=100&ccb=1-7&_nc_sid=5f2048&_nc_ohc=KD2HqIxVLR8Ab5zwKYK&_nc_ht=scontent.fhyd11-1.fna&oh=00_AfBrK86cM2CCDiokjOdEr_Gt91CWytrZqTLS_29lHNTVtA&oe=66187B54","Martin Spencer","Didn't realise there were speed restrictions for BMWs","https://www.facebook.com/Idiotukdriversmedia/posts/pfbid036g4DRMgNCd8BtQJAwHUDgaaub6En6qPvR39bfXmMcjPMfq9CemQLkRUHPzGas3Mel?comment_id=1087140656263555","45","0","3","04/07/2024 02:05:28 AM"
"Y29tbWVudDo3NTU0Njc3MzMzNTQ4OTdfMjAyNTczMDA4MTE0MTMxNg==","100003965137504","https://scontent.fhyd11-2.fna.fbcdn.net/v/t1.30497-1/143086968_2856368904622192_1959732218791162458_n.png?stp=cp0_dst-png_p32x32&_nc_cat=1&ccb=1-7&_nc_sid=5f2048&_nc_ohc=RKGYlzhnRFYAb6wLno6&_nc_ht=scontent.fhyd11-2.fna&oh=00_AfBuO9UT_UAi4TbP_ZiF1-DNlqsT75Lw1wJoOMApXGk7AA&oe=663A08B8","Julian Allenby","https://external.fhyd11-2.fna.fbcdn.net/emg1/v/t13/2210541927585254222?url=https%3A%2F%2Fmedia3.giphy.com%2Fmedia%2F5xtDarEgBDjEoWo6VRS%2Fgiphy.gif%3Fcid%3Da50210fcrn61h0he3kxsvwfozbg9zdvd38xoesw5pv3xtf9h%26rid%3Dgiphy.gif&fb_obo=1&utld=giphy.com&stp=dst-emg0_q75_s130x100&ccb=13-1&oh=06_AX3T7pCr4iBGJ_rVOWvWG5dE-T_DmQJ4e4dt2up1DhQxNQ&oe=66148059&_nc_sid=c97757","https://www.facebook.com/Idiotukdriversmedia/posts/pfbid036g4DRMgNCd8BtQJAwHUDgaaub6En6qPvR39bfXmMcjPMfq9CemQLkRUHPzGas3Mel?comment_id=2025730081141316","1","0","0","04/07/2024 02:05:37 AM"
"Y29tbWVudDo3NTU0Njc3MzMzNTQ4OTdfNzk2MzU2NTk1MTgwNjM4","100002429908502","https://scontent.fhyd11-3.fna.fbcdn.net/v/t39.30808-1/369689778_6471565952934337_7017241967874722824_n.jpg?stp=cp0_dst-jpg_p32x32&_nc_cat=106&ccb=1-7&_nc_sid=5f2048&_nc_ohc=YnxHkID7L78Ab6IwqF9&_nc_ht=scontent.fhyd11-3.fna&oh=00_AfC0kDc95sYO233wBeBJF5pk4CIt1qIQTVFbgIEHD5GjVw&oe=661882BD","Myles Jones","Surely if you got 9 points you drive a bit sensible ü§£","https://www.facebook.com/Idiotukdriversmedia/posts/pfbid036g4DRMgNCd8BtQJAwHUDgaaub6En6qPvR39bfXmMcjPMfq9CemQLkRUHPzGas3Mel?comment_id=796356595180638","8","0","3","04/07/2024 02:05:51 AM"
"Y29tbWVudDo3NTU0Njc3MzMzNTQ4OTdfMTIzMzE2ODU3NzY0NTExNA==","100020452110653","https://scontent.fhyd11-1.fna.fbcdn.net/v/t39.30808-1/307303851_1074580753233652_7005027716489634949_n.jpg?stp=c12.0.32.32a_cp0_dst-jpg_p32x32&_nc_cat=111&ccb=1-7&_nc_sid=5f2048&_nc_ohc=-cTi3bSWUzAAb7vF5U2&_nc_ht=scontent.fhyd11-1.fna&oh=00_AfDKHjyee7-NI_8V02-ZGgHlHICmCIxUdf7jSF-kxR5D0w&oe=66186802","Jason Dudley","Terrrwat","https://www.facebook.com/Idiotukdriversmedia/posts/pfbid036g4DRMgNCd8BtQJAwHUDgaaub6En6qPvR39bfXmMcjPMfq9CemQLkRUHPzGas3Mel?comment_id=1233168577645114","0","0","0","04/07/2024 02:06:43 AM"
"Y29tbWVudDo3NTU0Njc3MzMzNTQ4OTdfMTEzODEwNDczMzk4NDc1NA==","100009830503360","https://scontent.fhyd11-3.fna.fbcdn.net/v/t1.6435-1/94727019_1151185425219130_930838589795729408_n.jpg?stp=cp0_dst-jpg_p32x32&_nc_cat=108&ccb=1-7&_nc_sid=5f2048&_nc_ohc=-0M1A-c_HyQAb7AuQTU&_nc_ht=scontent.fhyd11-3.fna&oh=00_AfCkS6NtsDO-4IL65Nnt0Rtjc6J21bGjRplDqvNY8vRZgA&oe=663A1047","Joshua Wyborn","Didn‚Äôt know dogs could run that fast!!","https://www.facebook.com/Idiotukdriversmedia/posts/pfbid036g4DRMgNCd8BtQJAwHUDgaaub6En6qPvR39bfXmMcjPMfq9CemQLkRUHPzGas3Mel?comment_id=1138104733984754","80","0","4","04/07/2024 02:10:19 AM"
"Y29tbWVudDo3NTU0Njc3MzMzNTQ4OTdfODAwMDQyNDA0NzkzNDk3","1126983915","https://scontent.fhyd11-3.fna.fbcdn.net/v/t39.30808-1/433905859_10231879677031294_9017334181015387090_n.jpg?stp=cp0_dst-jpg_p32x32&_nc_cat=106&ccb=1-7&_nc_sid=5f2048&_nc_ohc=phtczb7COMEAb7Pbatc&_nc_ht=scontent.fhyd11-3.fna&oh=00_AfDeUQo5yG7GUE9DzYXQ_LOV25yqL329nFmT2yDGQrMMWg&oe=66187017","Toni Hall","Should have kept it a 99 thought it's only an instant ban at 100?","https://www.facebook.com/Idiotukdriversmedia/posts/pfbid036g4DRMgNCd8BtQJAwHUDgaaub6En6qPvR39bfXmMcjPMfq9CemQLkRUHPzGas3Mel?comment_id=800042404793497","2","0","11","04/07/2024 02:10:25 AM"
"Y29tbWVudDo3NTU0Njc3MzMzNTQ4OTdfMzY2NTU0MTg5NzA3ODU2","1116612652","https://scontent.fhyd11-3.fna.fbcdn.net/v/t39.30808-1/264079193_10226297889969760_2449636383001608959_n.jpg?stp=cp0_dst-jpg_p32x32&_nc_cat=106&ccb=1-7&_nc_sid=5f2048&_nc_ohc=Ky6BnR5R6ToAb5cKgUq&_nc_ht=scontent.fhyd11-3.fna&oh=00_AfBpkIT2u2IIAN6kMQAUO-jBBCvAOVh_HDK5XwcErwUt2A&oe=661877E7","David Llewellyn","BMW? I‚Äôm shocked!","https://www.facebook.com/Idiotukdriversmedia/posts/pfbid036g4DRMgNCd8BtQJAwHUDgaaub6En6qPvR39bfXmMcjPMfq9CemQLkRUHPzGas3Mel?comment_id=366554189707856","19","0","0","04/07/2024 02:11:06 AM"
"Y29tbWVudDo3NTU0Njc3MzMzNTQ4OTdfOTYyNTYwNjU1MjI1Mzcy","810539521","https://scontent.fhyd11-1.fna.fbcdn.net/v/t39.30808-1/433869694_10163762796089522_5076324072636126334_n.jpg?stp=cp0_dst-jpg_p32x32&_nc_cat=102&ccb=1-7&_nc_sid=5f2048&_nc_ohc=J8KSzL3nQrwAb6wJNoC&_nc_ht=scontent.fhyd11-1.fna&oh=00_AfCjtnLk_9ACEobdbMCL2CEcC7hF7CcoxT6v53-XQDAvSg&oe=66187B15","Mark Cat","I would say, that'll teach ya, bit with 9 points it clearly hasn't. 10yr ban would do the job.","https://www.facebook.com/Idiotukdriversmedia/posts/pfbid036g4DRMgNCd8BtQJAwHUDgaaub6En6qPvR39bfXmMcjPMfq9CemQLkRUHPzGas3Mel?comment_id=962560655225372","1","0","1","04/07/2024 02:12:32 AM"
"Y29tbWVudDo3NTU0Njc3MzMzNTQ4OTdfMTEyODA5MzkwMTc3MDU3Nw==","672285709","https://scontent.fhyd11-2.fna.fbcdn.net/v/t39.30808-1/363366822_10168013711850710_478162095715992641_n.jpg?stp=cp0_dst-jpg_p32x32&_nc_cat=103&ccb=1-7&_nc_sid=5f2048&_nc_ohc=0EnQGZAEWaUAb53drQn&_nc_ht=scontent.fhyd11-2.fna&oh=00_AfBTqqGWbDwOLFmFVBL0tNttrvNzwHCjrPSnk8fRYtKDkg&oe=661861A6","David Niece","The 70mph speed limit is a bad joke.","https://www.facebook.com/Idiotukdriversmedia/posts/pfbid036g4DRMgNCd8BtQJAwHUDgaaub6En6qPvR39bfXmMcjPMfq9CemQLkRUHPzGas3Mel?comment_id=1128093901770577","103","0","33","04/07/2024 02:14:47 AM"
"Y29tbWVudDo3NTU0Njc3MzMzNTQ4OTdfMTE0MDAyOTk5NzQyMTk1OA==","1197331577","https://scontent.fhyd11-2.fna.fbcdn.net/v/t1.6435-1/121192342_10223911072383503_8972388072445688777_n.jpg?stp=cp0_dst-jpg_p32x32&_nc_cat=101&ccb=1-7&_nc_sid=5f2048&_nc_ohc=W3uyRJKl-XcAb7ZY0Ib&_nc_ht=scontent.fhyd11-2.fna&oh=00_AfCWlXw-G0iaxIFIIf2zGHn3ggGljNHyhLVt4IGHZoGMfA&oe=663A21F9","Michael Davies","120mph, is that it ?","https://www.facebook.com/Idiotukdriversmedia/posts/pfbid036g4DRMgNCd8BtQJAwHUDgaaub6En6qPvR39bfXmMcjPMfq9CemQLkRUHPzGas3Mel?comment_id=1140029997421958","4","0","0","04/07/2024 02:15:31 AM"
"Y29tbWVudDo3NTU0Njc3MzMzNTQ4OTdfMTEyNjEyODY2NTM2MDYwOQ==","1076868694","https://scontent.fhyd11-2.fna.fbcdn.net/v/t39.30808-1/214466028_10222663275305340_7253021473790135237_n.jpg?stp=cp0_dst-jpg_p32x32&_nc_cat=104&ccb=1-7&_nc_sid=5f2048&_nc_ohc=FJE0_muJ9BAAb7LOHK3&_nc_ht=scontent.fhyd11-2.fna&oh=00_AfCRJV6kkwmftL2Dodeg-7Q4zXtOHc9Py-yha5ZsO46n6Q&oe=66188378","Matt Kayley","Ruff justice.","https://www.facebook.com/Idiotukdriversmedia/posts/pfbid036g4DRMgNCd8BtQJAwHUDgaaub6En6qPvR39bfXmMcjPMfq9CemQLkRUHPzGas3Mel?comment_id=1126128665360609","1","0","0","04/07/2024 02:16:22 AM"
"Y29tbWVudDo3NTU0Njc3MzMzNTQ4OTdfMjQwMDIzNDQ3MDE3MTYxNQ==","725334492","https://scontent.fhyd11-1.fna.fbcdn.net/v/t39.30808-1/273750474_10159799405909493_3434140070621328461_n.jpg?stp=cp0_dst-jpg_p32x32&_nc_cat=110&ccb=1-7&_nc_sid=5f2048&_nc_ohc=PDPHHyZCr4gAb4EbT1t&_nc_ht=scontent.fhyd11-1.fna&oh=00_AfAVEfYTA2whIR2aKe3Xj826ZvpH6z-AVDtRfCVJNXL0ng&oe=66187BF4","Danielle Brady","Adam Priestley Scott Brady hahaha","https://www.facebook.com/Idiotukdriversmedia/posts/pfbid036g4DRMgNCd8BtQJAwHUDgaaub6En6qPvR39bfXmMcjPMfq9CemQLkRUHPzGas3Mel?comment_id=2400234470171615","2","0","0","04/07/2024 02:18:07 AM"
"Y29tbWVudDo3NTU0Njc3MzMzNTQ4OTdfNDA1ODg2MzY4NzMzNTUw","592960849","https://scontent.fhyd11-3.fna.fbcdn.net/v/t39.30808-1/410887499_10161691945260850_7868416193490184960_n.jpg?stp=cp0_dst-jpg_p32x32&_nc_cat=107&ccb=1-7&_nc_sid=5f2048&_nc_ohc=MQgvDkGIRIEAb7yeC8K&_nc_ht=scontent.fhyd11-3.fna&oh=00_AfARybWRV1lOObCaKJWV9za2TDo2x-2vI6foFeEdemJf-w&oe=661883A6","Stuart Richards","Should get a few more points for not using indicators too üòÇ","https://www.facebook.com/Idiotukdriversmedia/posts/pfbid036g4DRMgNCd8BtQJAwHUDgaaub6En6qPvR39bfXmMcjPMfq9CemQLkRUHPzGas3Mel?comment_id=405886368733550","0","0","0","04/07/2024 02:18:26 AM"
"Y29tbWVudDo3NTU0Njc3MzMzNTQ4OTdfNzMxNDQ4NTIyNDkyOTI0","100009216155735","https://scontent.fhyd11-2.fna.fbcdn.net/v/t39.30808-1/392881390_3612628629054307_1363747238096151329_n.jpg?stp=cp0_dst-jpg_p32x32&_nc_cat=103&ccb=1-7&_nc_sid=5f2048&_nc_ohc=qcoIsl5kNNsAb7JopA9&_nc_ht=scontent.fhyd11-2.fna&oh=00_AfDb4BOhiQh8dUHkkJ_F6YuYykEQDPJwoFbyr1EX5s-bEg&oe=66186834","Geoff Smith","Fancy catching a BMW going to fast. Well done","https://www.facebook.com/Idiotukdriversmedia/posts/pfbid036g4DRMgNCd8BtQJAwHUDgaaub6En6qPvR39bfXmMcjPMfq9CemQLkRUHPzGas3Mel?comment_id=731448522492924","1","0","0","04/07/2024 02:19:00 AM"
"Y29tbWVudDo3NTU0Njc3MzMzNTQ4OTdfOTMzMzI0OTQ4Mjg5MzQ1","1306749031","https://scontent.fhyd11-2.fna.fbcdn.net/v/t1.6435-1/95897370_10223146077102746_3756543542869098496_n.jpg?stp=cp0_dst-jpg_p32x32&_nc_cat=104&ccb=1-7&_nc_sid=5f2048&_nc_ohc=TgcyE5_qgzAAb51yZFo&_nc_ht=scontent.fhyd11-2.fna&oh=00_AfD3t7MPwiDtvO3jcFh9fdZVbBZakUBDaNJAxQdc0HnP7A&oe=663A1118","John Cook","Will it stop him/her driving though","https://www.facebook.com/Idiotukdriversmedia/posts/pfbid036g4DRMgNCd8BtQJAwHUDgaaub6En6qPvR39bfXmMcjPMfq9CemQLkRUHPzGas3Mel?comment_id=933324948289345","0","0","0","04/07/2024 02:18:59 AM"
"Y29tbWVudDo3NTU0Njc3MzMzNTQ4OTdfNDUwOTE4OTY0MDY0ODAw","1596180225","https://scontent.fhyd11-2.fna.fbcdn.net/v/t39.30808-1/417424513_10223176885202577_7877863263962611529_n.jpg?stp=c12.0.32.32a_cp0_dst-jpg_p32x32&_nc_cat=104&ccb=1-7&_nc_sid=5f2048&_nc_ohc=d0nCa2mSploAb6We6h3&_nc_ht=scontent.fhyd11-2.fna&oh=00_AfAs_j0KuopM5-u-87k4ZaGx-YB-uI8jYOO-Abtt-lLKZQ&oe=66186168","Pete Wright","I didn‚Äôt think it was an automatic ban at 12+ points, but the judge‚Äôs discretion? He could argue he‚Äôs a BMW driver therefore it‚Äôs his freeman of the country‚Äôs right to drive at 120MPH?","https://www.facebook.com/Idiotukdriversmedia/posts/pfbid036g4DRMgNCd8BtQJAwHUDgaaub6En6qPvR39bfXmMcjPMfq9CemQLkRUHPzGas3Mel?comment_id=450918964064800","7","0","4","04/07/2024 02:20:18 AM"
"Y29tbWVudDo3NTU0Njc3MzMzNTQ4OTdfMzg2OTU1Mjk0MjM1NzYy","100031536503252","https://scontent.fhyd11-3.fna.fbcdn.net/v/t1.6435-1/173283819_447574222970457_623251302183571509_n.jpg?stp=cp0_dst-jpg_p32x32&_nc_cat=109&ccb=1-7&_nc_sid=5f2048&_nc_ohc=EmGoB-tr1VQAb68I8Hc&_nc_ht=scontent.fhyd11-3.fna&oh=00_AfDm8xcbYTc_QZtbb6NCi9aIfqipAIycRcCW2mYljQMMSQ&oe=663A0FDE","Carl Bagshaw","If they were really arsed about speeding the powers that be would make sure drivers are regularly trained to a high standard......Oh hold on a minute that doesn't generate the cold hard cash does it....","https://www.facebook.com/Idiotukdriversmedia/posts/pfbid036g4DRMgNCd8BtQJAwHUDgaaub6En6qPvR39bfXmMcjPMfq9CemQLkRUHPzGas3Mel?comment_id=386955294235762","8","0","6","04/07/2024 02:21:18 AM"
"Y29tbWVudDo3NTU0Njc3MzMzNTQ4OTdfMzc3Mjk4NDE1NjM1NzEwNw==","100002159271030","https://scontent.fhyd11-3.fna.fbcdn.net/v/t39.30808-1/409985332_6860865617328679_5267401300101552415_n.jpg?stp=cp0_dst-jpg_p32x32&_nc_cat=109&ccb=1-7&_nc_sid=5f2048&_nc_ohc=J2DOc3WcZa4Ab5Jv-bS&_nc_ht=scontent.fhyd11-3.fna&oh=00_AfC9qojdQhGNae1amFGB_KHpy9llaETWh-Tko-tTmiKayg&oe=6618898C","Mark Kingshott","Andy Wall üòÇüòÇ","https://www.facebook.com/Idiotukdriversmedia/posts/pfbid036g4DRMgNCd8BtQJAwHUDgaaub6En6qPvR39bfXmMcjPMfq9CemQLkRUHPzGas3Mel?comment_id=3772984156357107","1","0","1","04/07/2024 02:21:34 AM"
"Y29tbWVudDo3NTU0Njc3MzMzNTQ4OTdfNzg1MjA3MDEzMTU3MDcw","100044747173506","https://scontent.fhyd11-2.fna.fbcdn.net/v/t1.6435-1/79766444_108448740656698_156241225077227520_n.jpg?stp=cp0_dst-jpg_p32x32&_nc_cat=105&ccb=1-7&_nc_sid=5f2048&_nc_ohc=9MVzKMY7iOMAb7yLmbn&_nc_ht=scontent.fhyd11-2.fna&oh=00_AfB6INLqcxvmglctk30anjs96QuWYNC0xDP1koYwxA5lnQ&oe=663A1708","Dom Thompson","Those are rookie numbers need to pump them up","https://www.facebook.com/Idiotukdriversmedia/posts/pfbid036g4DRMgNCd8BtQJAwHUDgaaub6En6qPvR39bfXmMcjPMfq9CemQLkRUHPzGas3Mel?comment_id=785207013157070","19","0","1","04/07/2024 02:21:53 AM"
"Y29tbWVudDo3NTU0Njc3MzMzNTQ4OTdfNDEyNTM2NjA0NzAxNjEy","1406917360","https://scontent.fhyd11-1.fna.fbcdn.net/v/t1.6435-1/174358044_10220418354314720_185108016887986048_n.jpg?stp=cp0_dst-jpg_p32x32&_nc_cat=102&ccb=1-7&_nc_sid=5f2048&_nc_ohc=6BO0TDs3tPsAb7W2kwz&_nc_ht=scontent.fhyd11-1.fna&oh=00_AfDLZiYvxCaE0B2WJ1LJmcHNnMxXw8hC1PFEbR4CAJHp8w&oe=663A29E6","Keith Aldous","Those dogs must have been going some!!

https://scontent.fhyd11-3.fna.fbcdn.net/v/t39.30808-6/436422856_10226076342080878_3876122769944176359_n.jpg?stp=dst-jpg_p75x225&_nc_cat=108&ccb=1-7&_nc_sid=5f2048&_nc_ohc=_GvDDq5WMGwAb40jsCm&_nc_oc=AdhN-1HxZ4P2qS1RPbw95_xRbGcwe_peHONNIZys2pKFWw-cH3qCCWU9ida_ePtampJoCIelzVMoFyLKI4PNssPC&_nc_ht=scontent.fhyd11-3.fna&oh=00_AfBLcpNTvtNC04yTkKzjPqEjwIsh_8lKm493wi80alqf1A&oe=661864E6","https://www.facebook.com/Idiotukdriversmedia/posts/pfbid036g4DRMgNCd8BtQJAwHUDgaaub6En6qPvR39bfXmMcjPMfq9CemQLkRUHPzGas3Mel?comment_id=412536604701612","0","0","0","04/07/2024 02:22:26 AM"
"Y29tbWVudDo3NTU0Njc3MzMzNTQ4OTdfMTc4NTQwMjcyODYyMzQ1Mg==","1043245778","https://scontent.fhyd11-1.fna.fbcdn.net/v/t39.30808-1/329379548_8588516801220857_781393056762566962_n.jpg?stp=cp6_dst-jpg_p32x32&_nc_cat=111&ccb=1-7&_nc_sid=5f2048&_nc_ohc=uxyxalziw7sAb66Wo39&_nc_ht=scontent.fhyd11-1.fna&oh=00_AfDrOFHNndniqSBTf5xWExgVac_JY7H-IWYV6UdsIbpsbQ&oe=66185B31","Gareth Wood","Should of gunned it","https://www.facebook.com/Idiotukdriversmedia/posts/pfbid036g4DRMgNCd8BtQJAwHUDgaaub6En6qPvR39bfXmMcjPMfq9CemQLkRUHPzGas3Mel?comment_id=1785402728623452","0","0","0","04/07/2024 02:22:34 AM"
"Y29tbWVudDo3NTU0Njc3MzMzNTQ4OTdfMjUzMzgwMzY1MzQ2NTU5Nw==","100001527056057","https://scontent.fhyd11-2.fna.fbcdn.net/v/t1.6435-1/203078341_4192839184110275_1011716923206993395_n.jpg?stp=cp0_dst-jpg_p32x32&_nc_cat=105&ccb=1-7&_nc_sid=5f2048&_nc_ohc=C_PZHfJVbQEAb4cJpXN&_nc_ht=scontent.fhyd11-2.fna&oh=00_AfB3HivZS_4_TWzqXBquGuJS5zHqyHiUm9T44l_SmQYysg&oe=663A1080","Steve Beecroft","Who cares.","https://www.facebook.com/Idiotukdriversmedia/posts/pfbid036g4DRMgNCd8BtQJAwHUDgaaub6En6qPvR39bfXmMcjPMfq9CemQLkRUHPzGas3Mel?comment_id=2533803653465597","0","0","0","04/07/2024 02:22:59 AM"
"Y29tbWVudDo3NTU0Njc3MzMzNTQ4OTdfNzgzOTYxMTE2NjI3MjAx","100002159271030","https://scontent.fhyd11-3.fna.fbcdn.net/v/t39.30808-1/409985332_6860865617328679_5267401300101552415_n.jpg?stp=cp0_dst-jpg_p32x32&_nc_cat=109&ccb=1-7&_nc_sid=5f2048&_nc_ohc=J2DOc3WcZa4Ab5Jv-bS&_nc_ht=scontent.fhyd11-3.fna&oh=00_AfC9qojdQhGNae1amFGB_KHpy9llaETWh-Tko-tTmiKayg&oe=6618898C","Mark Kingshott","Arron Phillips üòÇüòÇ","https://www.facebook.com/Idiotukdriversmedia/posts/pfbid036g4DRMgNCd8BtQJAwHUDgaaub6En6qPvR39bfXmMcjPMfq9CemQLkRUHPzGas3Mel?comment_id=783961116627201","0","0","0","04/07/2024 02:23:32 AM"
"Y29tbWVudDo3NTU0Njc3MzMzNTQ4OTdfMzY1NTgyODQxNzk5MDY1MQ==","100063968564688","https://scontent.fhyd11-1.fna.fbcdn.net/v/t39.30808-1/310972873_497436135732001_718304500271038864_n.jpg?stp=c12.0.32.32a_cp0_dst-jpg_p32x32&_nc_cat=110&ccb=1-7&_nc_sid=5f2048&_nc_ohc=8PZcrA5_c0EAb5Mv558&_nc_ht=scontent.fhyd11-1.fna&oh=00_AfC-VdDae6nx-mpwZIbe-G3mZxFqSKjlhstpBWZUhDChDA&oe=66185E7C","Simon Burrow","When are ppl going to learn that the bmw lane is not for everyone else ü§∑üèºüòÆ‚Äçüí®üòÆ‚Äçüí®üòéü´†üòÖüòÖ","https://www.facebook.com/Idiotukdriversmedia/posts/pfbid036g4DRMgNCd8BtQJAwHUDgaaub6En6qPvR39bfXmMcjPMfq9CemQLkRUHPzGas3Mel?comment_id=3655828417990651","3","0","1","04/07/2024 02:25:47 AM"
"Y29tbWVudDo3NTU0Njc3MzMzNTQ4OTdfMTU3ODM1MjM2NjI3NDM3MQ==","526068618","https://scontent.fhyd11-1.fna.fbcdn.net/v/t39.30808-1/255253342_10159773873948619_6027140853602333021_n.jpg?stp=cp0_dst-jpg_p32x32&_nc_cat=110&ccb=1-7&_nc_sid=5f2048&_nc_ohc=xE-U0FrXj-MAb7gCyML&_nc_ht=scontent.fhyd11-1.fna&oh=00_AfD7S2H7boDyunbDnYS_ZJqrIZejY1HfvfrGQJWXmK2w-g&oe=66187C83","Matt Brown","Legend","https://www.facebook.com/Idiotukdriversmedia/posts/pfbid036g4DRMgNCd8BtQJAwHUDgaaub6En6qPvR39bfXmMcjPMfq9CemQLkRUHPzGas3Mel?comment_id=1578352366274371","1","0","0","04/07/2024 02:28:51 AM"
"Y29tbWVudDo3NTU0Njc3MzMzNTQ4OTdfOTI5NjAwODY4NjUzODQ0","100002053515233","https://scontent.fhyd11-2.fna.fbcdn.net/v/t31.18172-1/171525_107319826013134_1040557_o.jpg?stp=c277.53.668.669a_cp0_dst-jpg_s32x32&_nc_cat=105&ccb=1-7&_nc_sid=5f2048&_nc_ohc=QRw38Fx-nYcAb5iu2CY&_nc_ht=scontent.fhyd11-2.fna&oh=00_AfBORxT4FftJoHfTo1i4XVsQdppdofPfZKei0X7bjC0qTg&oe=663A0A8C","Dave Buchan","Who honestly thinks that a ban will stop him from getting behind the wheel?","https://www.facebook.com/Idiotukdriversmedia/posts/pfbid036g4DRMgNCd8BtQJAwHUDgaaub6En6qPvR39bfXmMcjPMfq9CemQLkRUHPzGas3Mel?comment_id=929600868653844","1","0","0","04/07/2024 02:29:45 AM"
"Y29tbWVudDo3NTU0Njc3MzMzNTQ4OTdfOTkyNjU5MDc1NTI3OTE4","100000535481789","https://scontent.fhyd11-2.fna.fbcdn.net/v/t39.30808-1/421842980_7823274157700356_7040206535587104100_n.jpg?stp=cp0_dst-jpg_p32x32&_nc_cat=104&ccb=1-7&_nc_sid=5f2048&_nc_ohc=p9TblSXi5ZsAb6oL3wE&_nc_ht=scontent.fhyd11-2.fna&oh=00_AfCDz4BeLoli-GeNVzj1QneBhhAaBRyuYTrlGL-QWNVIYA&oe=66188C90","Marky Pearce","Didn't know dogs could drive but you learn something new everyday","https://www.facebook.com/Idiotukdriversmedia/posts/pfbid036g4DRMgNCd8BtQJAwHUDgaaub6En6qPvR39bfXmMcjPMfq9CemQLkRUHPzGas3Mel?comment_id=992659075527918","53","0","5","04/07/2024 02:31:58 AM"
"Y29tbWVudDo3NTU0Njc3MzMzNTQ4OTdfOTU1OTU2OTI5MzkxNDM1","100027371322873","https://scontent.fhyd11-3.fna.fbcdn.net/v/t39.30808-1/225367232_870811000507936_5316758207192090536_n.jpg?stp=cp0_dst-jpg_p32x32&_nc_cat=108&ccb=1-7&_nc_sid=5f2048&_nc_ohc=b4MSGnK3sVQAb4vg5Cz&_nc_ht=scontent.fhyd11-3.fna&oh=00_AfB-ZTYgTjr61KxK2IsgpuR19ODpGEAw7sQ-QXSDfoiL9g&oe=66188809","Paul Thompson","Speed limit to low tbh","https://www.facebook.com/Idiotukdriversmedia/posts/pfbid036g4DRMgNCd8BtQJAwHUDgaaub6En6qPvR39bfXmMcjPMfq9CemQLkRUHPzGas3Mel?comment_id=955956929391435","16","0","0","04/07/2024 02:33:38 AM"
"Y29tbWVudDo3NTU0Njc3MzMzNTQ4OTdfMTEzMzk4MDgwNDQyMzc3NQ==","100000220577794","https://scontent.fhyd11-1.fna.fbcdn.net/v/t39.30808-1/275117690_5648373661846597_8550133849755528976_n.jpg?stp=cp0_dst-jpg_p32x32&_nc_cat=111&ccb=1-7&_nc_sid=5f2048&_nc_ohc=bFXP6c5NKIgAb6F36Pp&_nc_ht=scontent.fhyd11-1.fna&oh=00_AfBzIXM_CY50nF0RUe3SROwVPbgcGG_WoEyn_iaU7zfyMg&oe=66186503","Nick Iliadis","Was he running it in !!!","https://www.facebook.com/Idiotukdriversmedia/posts/pfbid036g4DRMgNCd8BtQJAwHUDgaaub6En6qPvR39bfXmMcjPMfq9CemQLkRUHPzGas3Mel?comment_id=1133980804423775","3","0","1","04/07/2024 02:33:49 AM"
"Y29tbWVudDo3NTU0Njc3MzMzNTQ4OTdfMTQ1MjQ2NjIyODgxMDc5Mw==","802980549","https://scontent.fhyd11-3.fna.fbcdn.net/v/t1.6435-1/182468389_10160885673480550_7285656935843757733_n.jpg?stp=cp0_dst-jpg_p32x32&_nc_cat=107&ccb=1-7&_nc_sid=5f2048&_nc_ohc=C291lfElP4EAb69NzHo&_nc_ht=scontent.fhyd11-3.fna&oh=00_AfA95LWTW09oyvi0YxyQsnedabRGkfmo2B6S3RqNrfgI3w&oe=663A1A5C","Richard Ward","https://external.fhyd11-2.fna.fbcdn.net/emg1/v/t13/4312109545449627744?url=https%3A%2F%2Fmedia.tenor.co%2FrmunM6bDLWoAAAAC%2Fjudging-nope.gif%3Ft%3DAAYVc-icx8kHSc64RwICRQ%26c%3DVjFfZmFjZWJvb2s&fb_obo=1&utld=tenor.co&stp=dst-jpg_flffffff_q75_s396x396&ccb=13-1&oh=06_AX3CvB3QfAaKNnzH2IX0raSs_0OiN_EddVD-u8OmaFmpcQ&oe=66149BEC&_nc_sid=867500","https://www.facebook.com/Idiotukdriversmedia/posts/pfbid036g4DRMgNCd8BtQJAwHUDgaaub6En6qPvR39bfXmMcjPMfq9CemQLkRUHPzGas3Mel?comment_id=1452466228810793","2","0","0","04/07/2024 02:33:52 AM"
"Y29tbWVudDo3NTU0Njc3MzMzNTQ4OTdfOTUxNjQxMzYzMDg5Mzc4","100002054906171","https://scontent.fhyd11-1.fna.fbcdn.net/v/t39.30808-1/332154629_972807977023057_4328594272204482096_n.jpg?stp=cp0_dst-jpg_p32x32&_nc_cat=102&ccb=1-7&_nc_sid=5f2048&_nc_ohc=9Q9l6UT2Zt0Ab6xkcaM&_nc_ht=scontent.fhyd11-1.fna&oh=00_AfA1s2eedIxyp0Je2fDKw4pC52KpLL2JQK9TUaB2tq5uSQ&oe=66188548","Gavin Ralph","Points system is a joke should be just a fine ¬£100 for every mile over limit say","https://www.facebook.com/Idiotukdriversmedia/posts/pfbid036g4DRMgNCd8BtQJAwHUDgaaub6En6qPvR39bfXmMcjPMfq9CemQLkRUHPzGas3Mel?comment_id=951641363089378","3","0","1","04/07/2024 02:37:24 AM"
"Y29tbWVudDo3NTU0Njc3MzMzNTQ4OTdfNDI5OTE2MDEyODgyNjI1","1499046925","https://scontent.fhyd11-1.fna.fbcdn.net/v/t39.30808-1/270317972_10226225369209534_223202109084371818_n.jpg?stp=cp0_dst-jpg_p32x32&_nc_cat=100&ccb=1-7&_nc_sid=5f2048&_nc_ohc=U4A7UMF9WoMAb4ZRgpy&_nc_ht=scontent.fhyd11-1.fna&oh=00_AfBbRRo6S3f8CilGhhRX8Yk-XhqhrqGwmKUSikV6FmRwOA&oe=66188E10","Tony D Gravett","Well deserved","https://www.facebook.com/Idiotukdriversmedia/posts/pfbid036g4DRMgNCd8BtQJAwHUDgaaub6En6qPvR39bfXmMcjPMfq9CemQLkRUHPzGas3Mel?comment_id=429916012882625","0","0","0","04/07/2024 02:37:31 AM"
"Y29tbWVudDo3NTU0Njc3MzMzNTQ4OTdfMTgyODE3ODgzNDI3MzAyOQ==","603630383","https://scontent.fhyd11-1.fna.fbcdn.net/v/t39.30808-1/434733800_10168443182575384_7872294708379946048_n.jpg?stp=cp0_dst-jpg_p32x32&_nc_cat=111&ccb=1-7&_nc_sid=5f2048&_nc_ohc=tE75fctbNmQAb6wLztf&_nc_ht=scontent.fhyd11-1.fna&oh=00_AfCB2xfi3nY0ZrxD_7SCRcBMBOBslK5OcMnwQFbB0GtpVQ&oe=661870B0","Nathan Hobbs","Like the dog can tastify how fast he was going!","https://www.facebook.com/Idiotukdriversmedia/posts/pfbid036g4DRMgNCd8BtQJAwHUDgaaub6En6qPvR39bfXmMcjPMfq9CemQLkRUHPzGas3Mel?comment_id=1828178834273029","1","0","0","04/07/2024 02:41:36 AM"
"Y29tbWVudDo3NTU0Njc3MzMzNTQ4OTdfOTYzMTEzMTIyMTI4OTE5","1628457614","https://scontent.fhyd11-1.fna.fbcdn.net/v/t39.30808-1/418733654_10228233767342545_5828157750610188584_n.jpg?stp=c229.182.405.406a_cp0_dst-jpg_s32x32&_nc_cat=110&ccb=1-7&_nc_sid=5f2048&_nc_ohc=tswvslAL3aUAb5wu0cV&_nc_ht=scontent.fhyd11-1.fna&oh=00_AfCCEkaQ1TVq0gFcf1amW-FcBMXW9KqA2KBD8aVYhe3C8w&oe=66187239","Alan Watters","That Dog sure has a nice motor guv .","https://www.facebook.com/Idiotukdriversmedia/posts/pfbid036g4DRMgNCd8BtQJAwHUDgaaub6En6qPvR39bfXmMcjPMfq9CemQLkRUHPzGas3Mel?comment_id=963113122128919","0","0","0","04/07/2024 02:42:10 AM"
"Y29tbWVudDo3NTU0Njc3MzMzNTQ4OTdfNDEwOTk3NjM4NDU5NDc5","1347586266","https://scontent.fhyd11-2.fna.fbcdn.net/v/t39.30808-1/424937997_10232074124819720_6216366842224321275_n.jpg?stp=cp0_dst-jpg_p32x32&_nc_cat=105&ccb=1-7&_nc_sid=5f2048&_nc_ohc=w6lizEzEpx0Ab5Qwl-C&_nc_ht=scontent.fhyd11-2.fna&oh=00_AfBkA8uxwFAsE-F5r1L3QTOpDK5HhWdjwIDZQoXmnEUV3g&oe=661879F5","Iain James Wilks","So an unmarked dog unit has the camera and speed measuring equipment to provide calibrated evidence to enable prosecution?","https://www.facebook.com/Idiotukdriversmedia/posts/pfbid036g4DRMgNCd8BtQJAwHUDgaaub6En6qPvR39bfXmMcjPMfq9CemQLkRUHPzGas3Mel?comment_id=410997638459479","1","0","2","04/07/2024 02:42:12 AM"
"Y29tbWVudDo3NTU0Njc3MzMzNTQ4OTdfMTEzODY3NjExMzk4NTczNA==","733047477","https://scontent.fhyd11-2.fna.fbcdn.net/v/t1.6435-1/200147042_10158022501992478_592084489690160709_n.jpg?stp=cp0_dst-jpg_p32x32&_nc_cat=104&ccb=1-7&_nc_sid=5f2048&_nc_ohc=cdZGi72XcAwAb4hKYch&_nc_ht=scontent.fhyd11-2.fna&oh=00_AfD1xglXpQvmgInkDKb0Obg9AhOadv6XLaQZY4QwIHBydg&oe=663A1B1A","Tom HX","A medal to PCs Spot and Buddy for taking another idiot off the road üòÇ","https://www.facebook.com/Idiotukdriversmedia/posts/pfbid036g4DRMgNCd8BtQJAwHUDgaaub6En6qPvR39bfXmMcjPMfq9CemQLkRUHPzGas3Mel?comment_id=1138676113985734","1","0","0","04/07/2024 02:42:46 AM"
"Y29tbWVudDo3NTU0Njc3MzMzNTQ4OTdfODI4MjI4NTgyNjc4Nzgx","100000092250342","https://scontent.fhyd11-3.fna.fbcdn.net/v/t39.30808-1/271636469_5170382306308127_4849847590609857116_n.jpg?stp=c0.0.32.32a_cp0_dst-jpg_p32x32&_nc_cat=107&ccb=1-7&_nc_sid=5f2048&_nc_ohc=kMl4Sbmzqm8Ab50hkW9&_nc_ht=scontent.fhyd11-3.fna&oh=00_AfAgW8BIoPZflFhoPdo4s90HRwuc8ja5J4moThqZ2uACpg&oe=66186083","John Jordan","It's people like him that get us BMW drivers a bad name. I mean, come on, only 120mph, that's a disgrace.","https://www.facebook.com/Idiotukdriversmedia/posts/pfbid036g4DRMgNCd8BtQJAwHUDgaaub6En6qPvR39bfXmMcjPMfq9CemQLkRUHPzGas3Mel?comment_id=828228582678781","22","0","2","04/07/2024 02:48:49 AM"
"Y29tbWVudDo3NTU0Njc3MzMzNTQ4OTdfMTU3NDg0MTgzNjYzMDUzMQ==","100008515637317","https://scontent.fhyd11-2.fna.fbcdn.net/v/t39.30808-1/406584139_3201901553437001_1742400102231427768_n.jpg?stp=cp0_dst-jpg_p32x32&_nc_cat=105&ccb=1-7&_nc_sid=5f2048&_nc_ohc=ekx2wmKGfIkAb5f4zGj&_nc_ht=scontent.fhyd11-2.fna&oh=00_AfAStapymk9496syndIFjsNGqAqNJq614mM_roXrNuVajg&oe=66187758","Chris Harrison","Needs his license for work, he will keep it","https://www.facebook.com/Idiotukdriversmedia/posts/pfbid036g4DRMgNCd8BtQJAwHUDgaaub6En6qPvR39bfXmMcjPMfq9CemQLkRUHPzGas3Mel?comment_id=1574841836630531","3","0","0","04/07/2024 02:49:34 AM"
"Y29tbWVudDo3NTU0Njc3MzMzNTQ4OTdfOTQwMDMyNjUwOTExMjU3","100041065367424","https://scontent.fhyd11-1.fna.fbcdn.net/v/t39.30808-1/406493298_1113748033337365_7981987072174068398_n.jpg?stp=cp0_dst-jpg_p32x32&_nc_cat=100&ccb=1-7&_nc_sid=5f2048&_nc_ohc=baGe7yn72YwAb76-aJz&_nc_ht=scontent.fhyd11-1.fna&oh=00_AfCTuHpOZ20LjHGmP-TxXVErjTLQG837ygoL1MUQoFX-Cw&oe=6618628E","Gavin Owen","Was a greyhound or a whippet ? ü§î","https://www.facebook.com/Idiotukdriversmedia/posts/pfbid036g4DRMgNCd8BtQJAwHUDgaaub6En6qPvR39bfXmMcjPMfq9CemQLkRUHPzGas3Mel?comment_id=940032650911257","0","0","0","04/07/2024 02:51:01 AM"
"Y29tbWVudDo3NTU0Njc3MzMzNTQ4OTdfODI4MzA4NjE1NzkzMDM1","100004131733290","https://scontent.fhyd11-2.fna.fbcdn.net/v/t39.30808-1/333626120_597040689105829_2319064297135135341_n.jpg?stp=cp0_dst-jpg_p32x32&_nc_cat=105&ccb=1-7&_nc_sid=5f2048&_nc_ohc=jScR0cgRPT8Ab7QhpXa&_nc_ht=scontent.fhyd11-2.fna&oh=00_AfCeqeKm-gFn3znk65xTFumfqQR8vQvVKzcv8uXv6GUhog&oe=66185847","Ade Wise","Buying a pushbike tomorrow then üò≥üòâü§≠ü§≠üëçüèº","https://www.facebook.com/Idiotukdriversmedia/posts/pfbid036g4DRMgNCd8BtQJAwHUDgaaub6En6qPvR39bfXmMcjPMfq9CemQLkRUHPzGas3Mel?comment_id=828308615793035","0","0","0","04/07/2024 02:51:05 AM"
"Y29tbWVudDo3NTU0Njc3MzMzNTQ4OTdfMTEwNDI5NzYyNzUyMTIzMg==","100000357331210","https://scontent.fhyd11-3.fna.fbcdn.net/v/t39.30808-1/412121181_7180035808684926_1987994408404986477_n.jpg?stp=cp0_dst-jpg_p32x32&_nc_cat=109&ccb=1-7&_nc_sid=5f2048&_nc_ohc=jqtE7oSLMYkAb5n62Or&_nc_ht=scontent.fhyd11-3.fna&oh=00_AfA4U188gWhQe7pWs3GLbRceNJMi_Gnoz8TAa5PqZToJOw&oe=66187303","Tim Clark","Gosh! A BMW driver? Surely not. How unusual for a BMW driver to flagrantly ignore the laws that the rest of us observe. üò≥
ü§£ü§£ü§£ü§£ü§£","https://www.facebook.com/Idiotukdriversmedia/posts/pfbid036g4DRMgNCd8BtQJAwHUDgaaub6En6qPvR39bfXmMcjPMfq9CemQLkRUHPzGas3Mel?comment_id=1104297627521232","1","0","0","04/07/2024 02:51:07 AM"
"Y29tbWVudDo3NTU0Njc3MzMzNTQ4OTdfNDA4NzI3NDU4NDY5MDc1","1133573001","https://scontent.fhyd11-2.fna.fbcdn.net/v/t39.30808-1/251342718_10224917083331022_8061207985954994967_n.jpg?stp=cp0_dst-jpg_p32x32&_nc_cat=103&ccb=1-7&_nc_sid=5f2048&_nc_ohc=HTUpqKGwsfMAb5QzRzv&_nc_ht=scontent.fhyd11-2.fna&oh=00_AfBFU27l7I3YtHgmFFll1j4H8mFa3Lwlu_b_4qO0yBQ6uw&oe=66185D8B","Dean Davies","Good effort üëå","https://www.facebook.com/Idiotukdriversmedia/posts/pfbid036g4DRMgNCd8BtQJAwHUDgaaub6En6qPvR39bfXmMcjPMfq9CemQLkRUHPzGas3Mel?comment_id=408727458469075","0","0","0","04/07/2024 02:52:24 AM"
"Y29tbWVudDo3NTU0Njc3MzMzNTQ4OTdfNDQwMTczNzk1MjQ3NjI3","503658505","https://scontent.fhyd11-1.fna.fbcdn.net/v/t39.30808-1/264657593_10159846376283506_8037830420674346536_n.jpg?stp=cp0_dst-jpg_p32x32&_nc_cat=110&ccb=1-7&_nc_sid=5f2048&_nc_ohc=4si7hnsa7igAb74RWl9&_nc_ht=scontent.fhyd11-1.fna&oh=00_AfDwBnpEzNUXJjhdUEIX60v5MbsB5e7KjO8oojZRBT4jqw&oe=661877D7","David Storey","Wait a minute. He was caught by a dog unit, in Barkshire? üòé","https://www.facebook.com/Idiotukdriversmedia/posts/pfbid036g4DRMgNCd8BtQJAwHUDgaaub6En6qPvR39bfXmMcjPMfq9CemQLkRUHPzGas3Mel?comment_id=440173795247627","21","0","0","04/07/2024 02:53:50 AM"
"Y29tbWVudDo3NTU0Njc3MzMzNTQ4OTdfMzM0MDE4NzU5NjI4MDkxMg==","100000868544755","https://scontent.fhyd11-3.fna.fbcdn.net/v/t39.30808-1/370967990_6593883303983889_6032303305295446663_n.jpg?stp=cp0_dst-jpg_p32x32&_nc_cat=107&ccb=1-7&_nc_sid=5f2048&_nc_ohc=5l4hpOLMyTUAb6dMXhV&_nc_ht=scontent.fhyd11-3.fna&oh=00_AfBnYGla_4PbfSwx6o9LFuchR5h14NYZnzDeSfCKXkc4wA&oe=6618702B","Tony Finch","How would he know how fast he‚Äôs going,BMW‚Äôs  aren‚Äôt fitted with a Speedo","https://www.facebook.com/Idiotukdriversmedia/posts/pfbid036g4DRMgNCd8BtQJAwHUDgaaub6En6qPvR39bfXmMcjPMfq9CemQLkRUHPzGas3Mel?comment_id=3340187596280912","2","0","1","04/07/2024 02:56:46 AM"
"Y29tbWVudDo3NTU0Njc3MzMzNTQ4OTdfNzk3MDQ2MTk1NjE5MjM5","100022362047866","https://scontent.fhyd11-3.fna.fbcdn.net/v/t39.30808-1/419056770_1578418549580198_2182743680565665812_n.jpg?stp=cp0_dst-jpg_p32x32&_nc_cat=109&ccb=1-7&_nc_sid=5f2048&_nc_ohc=edUTr-0LVjAAb7btxpH&_nc_ht=scontent.fhyd11-3.fna&oh=00_AfDc3rOSn22NbEkavJ8_6ItkjURWqAJxZrSNPIwKMVQ0_g&oe=66185ABA","Ken Pickering","If he identifies as Katie Price he'll get away with it","https://www.facebook.com/Idiotukdriversmedia/posts/pfbid036g4DRMgNCd8BtQJAwHUDgaaub6En6qPvR39bfXmMcjPMfq9CemQLkRUHPzGas3Mel?comment_id=797046195619239","1","0","0","04/07/2024 03:02:06 AM"
"Y29tbWVudDo3NTU0Njc3MzMzNTQ4OTdfOTc3MjgzMDg3Mzg4NDk4","100017637525200","https://fb4f1223380-wmvuqfza1712497081-sonar.xz.fbcdn.net/v/t39.30808-1/368025814_1335611900370048_817022601844921041_n.jpg?stp=cp0_dst-jpg_p32x32&_nc_cat=102&ccb=1-7&_nc_sid=5f2048&_nc_ohc=r6sld4ytCsIAb6kLLHV&_nc_ad=z-m&_nc_cid=0&_nc_ht=fb4f1223380-wmvuqfza1712497081-sonar.xz&oh=00_AfDCyChia1XRPGx-aoWUpEqyMS8gCAPbjIRgseqXmRgo0A&oe=66185F35","Marc Brendan Turner","https://external.fhyd11-2.fna.fbcdn.net/emg1/v/t13/10860251309905977582?url=https%3A%2F%2Fmedia0.giphy.com%2Fmedia%2F0v0KlsuyXUvTrLPXZu%2Fgiphy.gif%3Fcid%3D120c0147vc0lblfgxx3k2lfr9pzn2vthk76oxmui1zlvj86b%26ep%3Dv1_gifs_search%26rid%3Dgiphy.gif%26ct%3Dg&fb_obo=1&utld=giphy.com&stp=dst-emg0_q75_s222x396&ccb=13-1&oh=06_AX1wa9XmFPa4N1QlW4vFz6GxmOpflXhVELctV4XPlU6wLw&oe=66147798&_nc_sid=c97757","https://www.facebook.com/Idiotukdriversmedia/posts/pfbid036g4DRMgNCd8BtQJAwHUDgaaub6En6qPvR39bfXmMcjPMfq9CemQLkRUHPzGas3Mel?comment_id=977283087388498","0","0","0","04/07/2024 03:04:47 AM"
"Y29tbWVudDo3NTU0Njc3MzMzNTQ4OTdfOTYyNTQ2NzU1MDIxNzY1","1534849609","https://scontent.fhyd11-2.fna.fbcdn.net/v/t1.6435-1/131049441_10224204606132913_3796631223744638701_n.jpg?stp=cp0_dst-jpg_p32x32&_nc_cat=101&ccb=1-7&_nc_sid=5f2048&_nc_ohc=30VPP3xrMcMAb6ksdk8&_nc_ht=scontent.fhyd11-2.fna&oh=00_AfAJxjmwkX4XNSTPfyw_s1dUDUY8hM-OrRqxVxYipECC5Q&oe=663A2439","Helen Carr","Bet he never used his indicators throughout.","https://www.facebook.com/Idiotukdriversmedia/posts/pfbid036g4DRMgNCd8BtQJAwHUDgaaub6En6qPvR39bfXmMcjPMfq9CemQLkRUHPzGas3Mel?comment_id=962546755021765","0","0","0","04/07/2024 03:05:44 AM"
"Y29tbWVudDo3NTU0Njc3MzMzNTQ4OTdfMTg3MDU5MDk4MzM4MDAyNg==","794644201","https://scontent.fhyd11-2.fna.fbcdn.net/v/t1.30497-1/143086968_2856368904622192_1959732218791162458_n.png?stp=cp0_dst-png_p32x32&_nc_cat=1&ccb=1-7&_nc_sid=5f2048&_nc_ohc=RKGYlzhnRFYAb6wLno6&_nc_ht=scontent.fhyd11-2.fna&oh=00_AfBuO9UT_UAi4TbP_ZiF1-DNlqsT75Lw1wJoOMApXGk7AA&oe=663A08B8","Paul McLaren","Maybe time to make a swperate speed lane on the motorway for people who want to do this but the boffs do not agree.","https://www.facebook.com/Idiotukdriversmedia/posts/pfbid036g4DRMgNCd8BtQJAwHUDgaaub6En6qPvR39bfXmMcjPMfq9CemQLkRUHPzGas3Mel?comment_id=1870590983380026","1","0","0","04/07/2024 03:18:02 AM"
"Y29tbWVudDo3NTU0Njc3MzMzNTQ4OTdfNDQ1NzIxODE0Nzg3ODMy","100079905643180","https://scontent.fhyd11-3.fna.fbcdn.net/v/t39.30808-1/363816892_276305375042982_230713209387743912_n.jpg?stp=cp0_dst-jpg_p32x32&_nc_cat=109&ccb=1-7&_nc_sid=5f2048&_nc_ohc=6ZrA245bwegAb47Tezo&_nc_oc=AdhJMUaOeJOv5vNMAQF_N-ZBMik0aaVAwmFqaDZ85VAQ_1DxdQjXIs6ds59LbbB_G7Z7LH1NoPz90opVxy_a_IzA&_nc_ht=scontent.fhyd11-3.fna&oh=00_AfAp8EFDcNlnLog8KS-PHDvO0qbzFFEvttm5wx-7CGXBZg&oe=661883ED","Marcus White","120mph pppfffftttt I use to floor my 335 xdrive at 160mph","https://www.facebook.com/Idiotukdriversmedia/posts/pfbid036g4DRMgNCd8BtQJAwHUDgaaub6En6qPvR39bfXmMcjPMfq9CemQLkRUHPzGas3Mel?comment_id=445721814787832","6","0","2","04/07/2024 03:18:55 AM"
"Y29tbWVudDo3NTU0Njc3MzMzNTQ4OTdfODg3MjExNzAzMTYwNzU4","1554795718","https://scontent.fhyd11-1.fna.fbcdn.net/v/t39.30808-1/239425384_10225516853938953_6971281570574581295_n.jpg?stp=c9.0.32.32a_cp0_dst-jpg_p32x32&_nc_cat=102&ccb=1-7&_nc_sid=5f2048&_nc_ohc=LKejdPgIcXYAb4ENVjX&_nc_ht=scontent.fhyd11-1.fna&oh=00_AfAUHp9dAH9tVxTWIF1ZioNFieRe71Se6MjL5d5rriSqeA&oe=66185C9F","Phil Morris","Should have done a track day!","https://www.facebook.com/Idiotukdriversmedia/posts/pfbid036g4DRMgNCd8BtQJAwHUDgaaub6En6qPvR39bfXmMcjPMfq9CemQLkRUHPzGas3Mel?comment_id=887211703160758","2","0","0","04/07/2024 03:23:34 AM"
"Y29tbWVudDo3NTU0Njc3MzMzNTQ4OTdfOTYxNTg3OTE1NTU3NDQw","1385356076","https://scontent.fhyd11-1.fna.fbcdn.net/v/t39.30808-1/431484277_10233012991692064_2660898817293494408_n.jpg?stp=cp0_dst-jpg_p32x32&_nc_cat=100&ccb=1-7&_nc_sid=5f2048&_nc_ohc=BLAa9Mdi8N4Ab5pNHcp&_nc_ht=scontent.fhyd11-1.fna&oh=00_AfB25mSe4r2AwKWAh1l3gyntG0RMkAhaLdH9GYoZ0wKmVw&oe=66185E90","Derek Cox","Meanwhile in germany !
Its great on the autoban","https://www.facebook.com/Idiotukdriversmedia/posts/pfbid036g4DRMgNCd8BtQJAwHUDgaaub6En6qPvR39bfXmMcjPMfq9CemQLkRUHPzGas3Mel?comment_id=961587915557440","23","0","4","04/07/2024 03:24:49 AM"
"Y29tbWVudDo3NTU0Njc3MzMzNTQ4OTdfODE1MjI2NTEzNzU5NjE1","100027705414062","https://scontent.fhyd11-1.fna.fbcdn.net/v/t39.30808-1/434040682_1485547952378704_1529406340761015551_n.jpg?stp=cp0_dst-jpg_p32x32&_nc_cat=111&ccb=1-7&_nc_sid=5f2048&_nc_ohc=etpouFpXLqYAb4tevIm&_nc_ht=scontent.fhyd11-1.fna&oh=00_AfCjXGLb3clGMDv5j0bB_oNpc5yjH9cHe3zmqs5VUoHPZQ&oe=661888A7","T√ºrbo Threaders","Absolute joke that people who go out and mind their own business on an evening. Not hurt or interact with anyone can be penalised to the extent they may lose their lively hood. We all live in an open cage and day by day it gets smaller","https://www.facebook.com/Idiotukdriversmedia/posts/pfbid036g4DRMgNCd8BtQJAwHUDgaaub6En6qPvR39bfXmMcjPMfq9CemQLkRUHPzGas3Mel?comment_id=815226513759615","45","0","6","04/07/2024 03:32:14 AM"
"Y29tbWVudDo3NTU0Njc3MzMzNTQ4OTdfMTE0NjMwNjQ0MzIxMDUyMA==","1548267072","https://scontent.fhyd11-3.fna.fbcdn.net/v/t39.30808-1/306451757_10228130405915901_3525185098879226243_n.jpg?stp=cp6_dst-jpg_p32x32&_nc_cat=108&ccb=1-7&_nc_sid=5f2048&_nc_ohc=a0sAmsU3gCIAb6H5IJP&_nc_ht=scontent.fhyd11-3.fna&oh=00_AfCDciTOn3QhNSmtwaLImi5EMqeET7NUjvrKSMQ4ijzElg&oe=661887AC","Julian Cooke","Good job he didn‚Äôt change out of 3rd üôÑ","https://www.facebook.com/Idiotukdriversmedia/posts/pfbid036g4DRMgNCd8BtQJAwHUDgaaub6En6qPvR39bfXmMcjPMfq9CemQLkRUHPzGas3Mel?comment_id=1146306443210520","0","0","0","04/07/2024 03:32:45 AM"
"Y29tbWVudDo3NTU0Njc3MzMzNTQ4OTdfMTE5ODI2ODk4MTE1OTY1Mg==","625599466","https://scontent.fhyd11-2.fna.fbcdn.net/v/t39.30808-1/277741052_10160536363739467_5122933215620096914_n.jpg?stp=cp0_dst-jpg_p32x32&_nc_cat=105&ccb=1-7&_nc_sid=5f2048&_nc_ohc=z7rnqOsrDxYAb5nW2zX&_nc_ht=scontent.fhyd11-2.fna&oh=00_AfCUGlauD4lH6Q38xx9oR9B7u7yrtNtT-_3nwhSkNvUGzQ&oe=661859B2","Lyndon Parkinson","I love the police‚Ä¶‚Ä¶like I love Hemorrhoids. Long live the police for a laugh","https://www.facebook.com/Idiotukdriversmedia/posts/pfbid036g4DRMgNCd8BtQJAwHUDgaaub6En6qPvR39bfXmMcjPMfq9CemQLkRUHPzGas3Mel?comment_id=1198268981159652","20","0","14","04/07/2024 03:34:25 AM"
"Y29tbWVudDo3NTU0Njc3MzMzNTQ4OTdfNDYwOTg3MTA2Mjg1MjMy","1426722214","https://scontent.fhyd11-1.fna.fbcdn.net/v/t1.6435-1/39396449_10218086361577019_3871718171857649664_n.jpg?stp=cp0_dst-jpg_p32x32&_nc_cat=110&ccb=1-7&_nc_sid=5f2048&_nc_ohc=1Psj485FlYEAb7KbKvG&_nc_ht=scontent.fhyd11-1.fna&oh=00_AfBa3GDvhSRQyfvCJgAKXgvTpmz09kwMnU6q_50S24w_LA&oe=663A258D","Ken Hennah","Excellent result. Another one of the road","https://www.facebook.com/Idiotukdriversmedia/posts/pfbid036g4DRMgNCd8BtQJAwHUDgaaub6En6qPvR39bfXmMcjPMfq9CemQLkRUHPzGas3Mel?comment_id=460987106285232","6","0","4","04/07/2024 03:37:11 AM"
"Y29tbWVudDo3NTU0Njc3MzMzNTQ4OTdfOTQwMTExNTU0NTExMzM5","501117915","https://scontent.fhyd11-2.fna.fbcdn.net/v/t31.18172-1/15676180_10154228390472916_212450691659736172_o.jpg?stp=cp0_dst-jpg_p32x32&_nc_cat=105&ccb=1-7&_nc_sid=5f2048&_nc_ohc=V7GCStdFKX0Ab5gx7sO&_nc_oc=Adi-B2F3M0FwrLDO_hBlBQlp0t3tp-YgfJ6G8kZJpRxh9wYr9Z2J-o5EAn1P6Tn4vxcNRYyYgYgCAVDVyu_KZZyX&_nc_ht=scontent.fhyd11-2.fna&oh=00_AfB2GIxk10WSxO5r3GShqcwKmfq6VLoVVTIvOZytPGJL_A&oe=6639FE2F","Will Downs","Shows how pointless the speed cameras are","https://www.facebook.com/Idiotukdriversmedia/posts/pfbid036g4DRMgNCd8BtQJAwHUDgaaub6En6qPvR39bfXmMcjPMfq9CemQLkRUHPzGas3Mel?comment_id=940111554511339","0","0","0","04/07/2024 03:54:57 AM"
"Y29tbWVudDo3NTU0Njc3MzMzNTQ4OTdfOTM5NzYwNjA3OTI5MDQw","508670056","https://scontent.fhyd11-1.fna.fbcdn.net/v/t39.30808-1/368007662_10167848147825057_3558595804778792579_n.jpg?stp=cp0_dst-jpg_p32x32&_nc_cat=111&ccb=1-7&_nc_sid=5f2048&_nc_ohc=OOLfPnU6qUAAb5Jpndh&_nc_ht=scontent.fhyd11-1.fna&oh=00_AfATHAmdPQp_KXkQktpYb5pL1h80pIi-NT0EZ9JMh2frnQ&oe=6618751D","Craig Hukins","How did he not notice the dog unit

https://external.fhyd11-2.fna.fbcdn.net/emg1/v/t13/8676443507048617166?url=https%3A%2F%2Fmedia3.giphy.com%2Fmedia%2FcActTsx6wPBpyHbiRx%2Fgiphy.gif%3Fcid%3D999aceacsmsz8zqg7r04l8gs1lkvb0m3o5mn35lbvp57hz94%26ep%3Dv1_gifs_search%26rid%3Dgiphy.gif%26ct%3Dg&fb_obo=1&utld=giphy.com&stp=dst-emg0_q75_s396x396&ccb=13-1&oh=06_AX1DmBXpFYAeC4nQjRRJt2QBbsD-MYEUlHDGOY9FSWOZzw&oe=6614699A&_nc_sid=c97757","https://www.facebook.com/Idiotukdriversmedia/posts/pfbid036g4DRMgNCd8BtQJAwHUDgaaub6En6qPvR39bfXmMcjPMfq9CemQLkRUHPzGas3Mel?comment_id=939760607929040","0","0","1","04/07/2024 03:58:19 AM"
"Y29tbWVudDo3NTU0Njc3MzMzNTQ4OTdfMzkyODY3NTEwMzY2NDcx","100000249137848","https://scontent.fhyd11-1.fna.fbcdn.net/v/t39.30808-1/293087544_5616216238396625_34791247374949323_n.jpg?stp=cp0_dst-jpg_p32x32&_nc_cat=110&ccb=1-7&_nc_sid=5f2048&_nc_ohc=WxDUsHUXXqQAb4Xc-O0&_nc_ht=scontent.fhyd11-1.fna&oh=00_AfACwaWvHyc7Je2oUGJXdstuooGzdLtkJz-RQ2FH2mrplg&oe=66185E5E","Georgi Georgiev","He was in a hurry to get to the bycicles shop. Obviously he needs one.","https://www.facebook.com/Idiotukdriversmedia/posts/pfbid036g4DRMgNCd8BtQJAwHUDgaaub6En6qPvR39bfXmMcjPMfq9CemQLkRUHPzGas3Mel?comment_id=392867510366471","0","0","0","04/07/2024 04:00:03 AM"
"Y29tbWVudDo3NTU0Njc3MzMzNTQ4OTdfMTYwMDY3ODc4MDY2NjE5OQ==","754885468","https://scontent.fhyd11-2.fna.fbcdn.net/v/t39.30808-1/360082466_10160470264045469_2181226164007324895_n.jpg?stp=cp6_dst-jpg_p32x32&_nc_cat=105&ccb=1-7&_nc_sid=5f2048&_nc_ohc=lcD4xxc875oAb7kkCnD&_nc_ht=scontent.fhyd11-2.fna&oh=00_AfBnpexgkvN6LXXUbrr6i6FpzBn2vvWzZR8CFd3GJ6D9EA&oe=66185D71","Andrew David Thomas","These are the officers who pulled them over

https://scontent.fhyd11-2.fna.fbcdn.net/v/t39.30808-6/434478101_10160932548510469_6930806762453200549_n.jpg?stp=dst-jpg_s261x260&_nc_cat=103&ccb=1-7&_nc_sid=5f2048&_nc_ohc=-olxMbFZn3AAb5zPAVY&_nc_ht=scontent.fhyd11-2.fna&oh=00_AfDbQlLDplf80YUgRYKW-WpJ27mYjkN9ZPyGwrGRfE4Dtg&oe=66186AE5","https://www.facebook.com/Idiotukdriversmedia/posts/pfbid036g4DRMgNCd8BtQJAwHUDgaaub6En6qPvR39bfXmMcjPMfq9CemQLkRUHPzGas3Mel?comment_id=1600678780666199","7","0","0","04/07/2024 04:13:32 AM"
"Y29tbWVudDo3NTU0Njc3MzMzNTQ4OTdfMzM5OTA2MjA5MDY3MDgw","1194313321","https://scontent.fhyd11-2.fna.fbcdn.net/v/t39.30808-1/387850549_10232854238876975_2964944130973091083_n.jpg?stp=cp0_dst-jpg_p32x32&_nc_cat=101&ccb=1-7&_nc_sid=5f2048&_nc_ohc=iTK7rUaNoKAAb7gyUMR&_nc_ht=scontent.fhyd11-2.fna&oh=00_AfAN7Q8xxblqpzqB0A7vJXP0NSSu0LVuH1dkbngNxb7qqQ&oe=66186BC9","Ajmal Taj","Wait.. he might be caring for his poorly gran in court and get away with a slap üëã in wrist","https://www.facebook.com/Idiotukdriversmedia/posts/pfbid036g4DRMgNCd8BtQJAwHUDgaaub6En6qPvR39bfXmMcjPMfq9CemQLkRUHPzGas3Mel?comment_id=339906209067080","0","0","0","04/07/2024 04:15:46 AM"
"Y29tbWVudDo3NTU0Njc3MzMzNTQ4OTdfMTA5MzY3MjEyNTE4MzM3NQ==","100028537005208","https://scontent.fhyd11-1.fna.fbcdn.net/v/t39.30808-1/315471141_935409157420309_8515025727010480765_n.jpg?stp=cp0_dst-jpg_p32x32&_nc_cat=110&ccb=1-7&_nc_sid=5f2048&_nc_ohc=-gqqfbcM8EUAb4Jylyv&_nc_ht=scontent.fhyd11-1.fna&oh=00_AfAiJbpxJEtQNLy_rjhmWK11DDf5Pzn-crxl9JxXIum6yg&oe=66185DA7","David John McGeoch","How fast did the dog go","https://www.facebook.com/Idiotukdriversmedia/posts/pfbid036g4DRMgNCd8BtQJAwHUDgaaub6En6qPvR39bfXmMcjPMfq9CemQLkRUHPzGas3Mel?comment_id=1093672125183375","0","0","0","04/07/2024 04:57:16 AM"
"Y29tbWVudDo3NTU0Njc3MzMzNTQ4OTdfNzM2Nzc2MTAxNzc0Mjcx","770439366","https://scontent.fhyd11-2.fna.fbcdn.net/v/t39.30808-1/393404141_10162076334509367_5878338966400988891_n.jpg?stp=cp0_dst-jpg_p32x32&_nc_cat=104&ccb=1-7&_nc_sid=5f2048&_nc_ohc=ucGXPFxzkBIAb4_p8OD&_nc_ht=scontent.fhyd11-2.fna&oh=00_AfANk3K8iRhK1WbUnqE72Yyn3TZXGtEMvUSQdQJvub-APg&oe=661876A1","Mohammed Seheem","Play stupid games and win stupid prizes serves him right...uber will accommodate his travel needs now","https://www.facebook.com/Idiotukdriversmedia/posts/pfbid036g4DRMgNCd8BtQJAwHUDgaaub6En6qPvR39bfXmMcjPMfq9CemQLkRUHPzGas3Mel?comment_id=736776101774271","1","0","0","04/07/2024 05:03:10 AM"
"Y29tbWVudDo3NTU0Njc3MzMzNTQ4OTdfNDU2MDg2MjQwMTkyMDY5","1667514056","https://scontent.fhyd11-3.fna.fbcdn.net/v/t39.30808-1/386616789_10227310785789885_9033404293118745893_n.jpg?stp=cp0_dst-jpg_p32x32&_nc_cat=107&ccb=1-7&_nc_sid=5f2048&_nc_ohc=WS38GtnTQssAb5c2Gl3&_nc_ht=scontent.fhyd11-3.fna&oh=00_AfDZaPkQ-QxR1cYnjiZeNCUodG2rkUod66djHHTNWzHZCg&oe=6618609A","Chris Grainger","Excellent","https://www.facebook.com/Idiotukdriversmedia/posts/pfbid036g4DRMgNCd8BtQJAwHUDgaaub6En6qPvR39bfXmMcjPMfq9CemQLkRUHPzGas3Mel?comment_id=456086240192069","0","0","0","04/07/2024 05:06:06 AM"
"Y29tbWVudDo3NTU0Njc3MzMzNTQ4OTdfMTE3NjI3MDkzMzM2MjkzNQ==","100021383271659","https://scontent.fhyd11-1.fna.fbcdn.net/v/t39.30808-1/433972477_1445422606180501_6645706686337187471_n.jpg?stp=cp0_dst-jpg_p32x32&_nc_cat=100&ccb=1-7&_nc_sid=5f2048&_nc_ohc=TE3U7rlotZEAb7rh0DU&_nc_ht=scontent.fhyd11-1.fna&oh=00_AfAhISgtcWRVEUMaI04pkjW1d7Jx8t3qY1-aWyRPLH1wQQ&oe=66188818","Michelle Rutherford","9 points already? For speeding per chance?! üò¨","https://www.facebook.com/Idiotukdriversmedia/posts/pfbid036g4DRMgNCd8BtQJAwHUDgaaub6En6qPvR39bfXmMcjPMfq9CemQLkRUHPzGas3Mel?comment_id=1176270933362935","0","0","0","04/07/2024 05:18:54 AM"
"Y29tbWVudDo3NTU0Njc3MzMzNTQ4OTdfMzk4MzU0MDM2MzE5NjI3","1300598810","https://scontent.fhyd11-1.fna.fbcdn.net/v/t39.30808-1/361625550_10230947102403298_1125427182603344360_n.jpg?stp=cp0_dst-jpg_p32x32&_nc_cat=100&ccb=1-7&_nc_sid=5f2048&_nc_ohc=au2i8CzIcFwAb4ZJsq3&_nc_ht=scontent.fhyd11-1.fna&oh=00_AfDu7QVp_7p2AOSGCsmuTAQzD7MYV1EEcAqs3zbVmYxgVA&oe=66188F68","Carl Higginson","The dog units have radars now?","https://www.facebook.com/Idiotukdriversmedia/posts/pfbid036g4DRMgNCd8BtQJAwHUDgaaub6En6qPvR39bfXmMcjPMfq9CemQLkRUHPzGas3Mel?comment_id=398354036319627","0","0","0","04/07/2024 05:49:36 AM"
"Y29tbWVudDo3NTU0Njc3MzMzNTQ4OTdfMTM5ODU4NzYwMTA0NzQ0MQ==","274703663","https://scontent.fhyd11-2.fna.fbcdn.net/v/t1.6435-1/155752921_10101372918644578_494451366522958857_n.jpg?stp=cp0_dst-jpg_p32x32&_nc_cat=105&ccb=1-7&_nc_sid=5f2048&_nc_ohc=ghm_Jx-psWYAb70iNZZ&_nc_ht=scontent.fhyd11-2.fna&oh=00_AfD7xm-AcoGRp-BvEjfcvdIj-6XfW9MXOkF7DTAS8p9Auw&oe=663A23F8","Boris Tang","Wonder if the dog unit speedo is calibrated?","https://www.facebook.com/Idiotukdriversmedia/posts/pfbid036g4DRMgNCd8BtQJAwHUDgaaub6En6qPvR39bfXmMcjPMfq9CemQLkRUHPzGas3Mel?comment_id=1398587601047441","2","0","4","04/07/2024 05:59:18 AM"
"Y29tbWVudDo3NTU0Njc3MzMzNTQ4OTdfMTgyNjEzMTQ2Nzg5ODgwMw==","702167494","https://scontent.fhyd11-3.fna.fbcdn.net/v/t39.30808-1/263214063_10159827761252495_6301751904075996986_n.jpg?stp=cp0_dst-jpg_p32x32&_nc_cat=107&ccb=1-7&_nc_sid=5f2048&_nc_ohc=nJmTPUuisQMAb7IN2my&_nc_ht=scontent.fhyd11-3.fna&oh=00_AfAhl4RcWsR8NcaRUYnkFm4R0yOfRq_1VWlqJjNj67oLFg&oe=661859D3","Earl Angell-Stevens","120 is silly. 
I don‚Äôt begrudge the 80 and 90 drivers, but 120 is just dangerous, especially on our tiny roads and especially because half the people on the motorway can‚Äôt drive so would just pull straight out on them and get rear ended","https://www.facebook.com/Idiotukdriversmedia/posts/pfbid036g4DRMgNCd8BtQJAwHUDgaaub6En6qPvR39bfXmMcjPMfq9CemQLkRUHPzGas3Mel?comment_id=1826131467898803","21","0","1","04/07/2024 06:25:26 AM"
"Y29tbWVudDo3NTU0Njc3MzMzNTQ4OTdfMTQ1ODk5MjY1NTAzNjM2NA==","100007936896446","https://scontent.fhyd11-3.fna.fbcdn.net/v/t39.30808-1/370926610_3501252936815902_7579884524650833727_n.jpg?stp=c0.4.32.32a_cp0_dst-jpg_p32x32&_nc_cat=109&ccb=1-7&_nc_sid=5f2048&_nc_ohc=35teWI2NXw0Ab638CEA&_nc_ht=scontent.fhyd11-3.fna&oh=00_AfDCo9QbE__kFKZRasqRN2A5kGys8GtQ1HEBYdqYXNDXYg&oe=66186C82","–ê–ª–µ–∫—Å–∞–Ω–¥—Ä –ù–∏–∫–æ–ª–∞–µ–≤–∏—á","How they can trace speed limit without radar??","https://www.facebook.com/Idiotukdriversmedia/posts/pfbid036g4DRMgNCd8BtQJAwHUDgaaub6En6qPvR39bfXmMcjPMfq9CemQLkRUHPzGas3Mel?comment_id=1458992655036364","4","0","1","04/07/2024 07:10:03 AM"
"Y29tbWVudDo3NTU0Njc3MzMzNTQ4OTdfODkwOTU2ODMyNzk0ODA0","100000621967597","https://scontent.fhyd11-3.fna.fbcdn.net/v/t1.6435-1/49898697_2228127597217951_6282751793508122624_n.jpg?stp=cp0_dst-jpg_p32x32&_nc_cat=107&ccb=1-7&_nc_sid=5f2048&_nc_ohc=YY5Jxsj9OBsAb62uHDG&_nc_ht=scontent.fhyd11-3.fna&oh=00_AfA3D8n8x8fmDbCj1-eDX33h9ffuhBkjKXpRbEUDYB2rKA&oe=6639FED4","Seejay Robertson","Dog must have been sh¬°tting itself for the van  to be doing 120mph üòÇ

Im guessing dog unit vans all of a sudden have speed detectors?

Anyway f the bmw driver, typical knb","https://www.facebook.com/Idiotukdriversmedia/posts/pfbid036g4DRMgNCd8BtQJAwHUDgaaub6En6qPvR39bfXmMcjPMfq9CemQLkRUHPzGas3Mel?comment_id=890956832794804","0","0","0","04/07/2024 07:45:05 AM"
"Y29tbWVudDo3NTU0Njc3MzMzNTQ4OTdfOTUwMTc4MDgwMjI5MzY5","100000808899569","https://scontent.fhyd11-3.fna.fbcdn.net/v/t39.30808-1/433720204_7322955157741375_4944788439647607449_n.jpg?stp=cp0_dst-jpg_p32x32&_nc_cat=108&ccb=1-7&_nc_sid=5f2048&_nc_ohc=Q8BGqJcdBH8Ab5cvwrM&_nc_ht=scontent.fhyd11-3.fna&oh=00_AfBx1cUgK4zrxc_e2LvVNPX6MWRyAhHsLcFpTqlgNPmtJw&oe=6618622E","Graham Ramsey","Rookie numbers","https://www.facebook.com/Idiotukdriversmedia/posts/pfbid036g4DRMgNCd8BtQJAwHUDgaaub6En6qPvR39bfXmMcjPMfq9CemQLkRUHPzGas3Mel?comment_id=950178080229369","0","0","0","04/07/2024 08:21:21 AM"
"Y29tbWVudDo3NTU0Njc3MzMzNTQ4OTdfMzA4MTE3NjYyMzA0MTI2","701871939","https://scontent.fhyd11-3.fna.fbcdn.net/v/t39.30808-1/398675594_10161233657876940_770037737472329915_n.jpg?stp=cp0_dst-jpg_p32x32&_nc_cat=106&ccb=1-7&_nc_sid=5f2048&_nc_ohc=IGpLz4Y1QL0Ab5Xy2ZN&_nc_ht=scontent.fhyd11-3.fna&oh=00_AfCHbcH3b3WXoZsn9VtbB1i-vWjOHSbeFSO3LG2i1dVnKw&oe=661865AC","Baqar Hussain","120 is nothing‚Ä¶ especially on an empty motorway at night‚Ä¶","https://www.facebook.com/Idiotukdriversmedia/posts/pfbid036g4DRMgNCd8BtQJAwHUDgaaub6En6qPvR39bfXmMcjPMfq9CemQLkRUHPzGas3Mel?comment_id=308117662304126","0","0","0","04/07/2024 09:07:45 AM"
"Y29tbWVudDo3NTU0Njc3MzMzNTQ4OTdfMTU3ODczODcyOTM2NjE5NQ==","100006817027034","https://scontent.fhyd11-3.fna.fbcdn.net/v/t39.30808-1/320796681_3217927338425312_3625260036688890182_n.jpg?stp=c5.0.32.32a_cp0_dst-jpg_p32x32&_nc_cat=106&ccb=1-7&_nc_sid=5f2048&_nc_ohc=6X_1LEsmNREAb6ShqCQ&_nc_ht=scontent.fhyd11-3.fna&oh=00_AfAs3YMBwSfSc9UqMY-WGlhrgXBhZ2jg-RU-9r3gzb6Y-A&oe=66185A4B","Terrence Towelling","Ninny state","https://www.facebook.com/Idiotukdriversmedia/posts/pfbid036g4DRMgNCd8BtQJAwHUDgaaub6En6qPvR39bfXmMcjPMfq9CemQLkRUHPzGas3Mel?comment_id=1578738729366195","0","0","0","04/07/2024 09:08:03 AM"
"Y29tbWVudDo3NTU0Njc3MzMzNTQ4OTdfNzI0NDcwNzU2NTU4Mjgx","100006817027034","https://scontent.fhyd11-3.fna.fbcdn.net/v/t39.30808-1/320796681_3217927338425312_3625260036688890182_n.jpg?stp=c5.0.32.32a_cp0_dst-jpg_p32x32&_nc_cat=106&ccb=1-7&_nc_sid=5f2048&_nc_ohc=6X_1LEsmNREAb6ShqCQ&_nc_ht=scontent.fhyd11-3.fna&oh=00_AfAs3YMBwSfSc9UqMY-WGlhrgXBhZ2jg-RU-9r3gzb6Y-A&oe=66185A4B","Terrence Towelling","Bugatti Chiron owner who did 259 mph on Autobahn criticised by German transport ministry, he didn't get prosecuted","https://www.facebook.com/Idiotukdriversmedia/posts/pfbid036g4DRMgNCd8BtQJAwHUDgaaub6En6qPvR39bfXmMcjPMfq9CemQLkRUHPzGas3Mel?comment_id=724470756558281","0","0","1","04/07/2024 09:12:16 AM"
"Y29tbWVudDo3NTU0Njc3MzMzNTQ4OTdfNDA2NTQwNDE1NTY0OTAw","100002860163949","https://scontent.fhyd11-1.fna.fbcdn.net/v/t39.30808-1/236958497_3921277434644223_1937699285625087875_n.jpg?stp=cp0_dst-jpg_p32x32&_nc_cat=110&ccb=1-7&_nc_sid=5f2048&_nc_ohc=QgQJROPGyLUAb7dN5df&_nc_ht=scontent.fhyd11-1.fna&oh=00_AfAEH1CFrOQGT_6JGdmlTvHqZUPiNtoSpj6UN1hHHYPENQ&oe=661889E5","Faisal Ahmed","FREEE MY GUYYYY!!!!","https://www.facebook.com/Idiotukdriversmedia/posts/pfbid036g4DRMgNCd8BtQJAwHUDgaaub6En6qPvR39bfXmMcjPMfq9CemQLkRUHPzGas3Mel?comment_id=406540415564900","0","0","0","04/07/2024 09:24:48 AM"
"Y29tbWVudDo3NTU0Njc3MzMzNTQ4OTdfMTE5MDE0MjQ2ODY0MTI0MA==","100037608930355","https://scontent.fhyd11-2.fna.fbcdn.net/v/t39.30808-1/321945592_691658249036631_1025404724077065825_n.jpg?stp=cp0_dst-jpg_p32x32&_nc_cat=105&ccb=1-7&_nc_sid=5f2048&_nc_ohc=ICh7ZZLxtnQAb5BcwUg&_nc_ht=scontent.fhyd11-2.fna&oh=00_AfAn6uCF9d7qy0q0_K2_X8bDq0X3srTnOPSPFmbfAj2mDQ&oe=66187D8B","Robert McNulty","Excellent work - thanks for keeping us safe üëçüëÆüë©‚Äç‚úàÔ∏èüöîüêïüöíüöëüõ•Ô∏èüöÅüèçÔ∏èüëä","https://www.facebook.com/Idiotukdriversmedia/posts/pfbid036g4DRMgNCd8BtQJAwHUDgaaub6En6qPvR39bfXmMcjPMfq9CemQLkRUHPzGas3Mel?comment_id=1190142468641240","1","0","0","04/07/2024 09:56:57 AM"
"Y29tbWVudDo3NTU0Njc3MzMzNTQ4OTdfNzg0MjMwMzQzMjcxODM5","100008007000769","https://scontent.fhyd11-2.fna.fbcdn.net/v/t39.30808-1/414464127_3631423760467822_9216498357345410535_n.jpg?stp=cp0_dst-jpg_p32x32&_nc_cat=101&ccb=1-7&_nc_sid=5f2048&_nc_ohc=_cHStF-hk1MAb7XCUAd&_nc_ht=scontent.fhyd11-2.fna&oh=00_AfDv3AOCueHf1_348bQ3jY5uhvYwhdal6BR0G0lYSu_nJA&oe=6618757E","Michael Mccann","Rookie numbers","https://www.facebook.com/Idiotukdriversmedia/posts/pfbid036g4DRMgNCd8BtQJAwHUDgaaub6En6qPvR39bfXmMcjPMfq9CemQLkRUHPzGas3Mel?comment_id=784230343271839","0","0","0","04/07/2024 10:07:04 AM"
"Y29tbWVudDo3NTU0Njc3MzMzNTQ4OTdfMzUxODIxNTYyNTEzNTkzMA==","860890531","https://scontent.fhyd11-2.fna.fbcdn.net/v/t39.30808-1/424686258_10168130666690532_7378635152446954444_n.jpg?stp=cp0_dst-jpg_p32x32&_nc_cat=101&ccb=1-7&_nc_sid=5f2048&_nc_ohc=YOKPGTBfl5QAb46dK8M&_nc_ht=scontent.fhyd11-2.fna&oh=00_AfB39qfmmSgaKHSbj6RUalM6-D8DrNt4aaAkd8Q2UNpY1Q&oe=66185882","Ashley Robertson","Marc üòÇ","https://www.facebook.com/Idiotukdriversmedia/posts/pfbid036g4DRMgNCd8BtQJAwHUDgaaub6En6qPvR39bfXmMcjPMfq9CemQLkRUHPzGas3Mel?comment_id=3518215625135930","0","0","0","04/07/2024 10:37:37 AM"
"Y29tbWVudDo3NTU0Njc3MzMzNTQ4OTdfMjAzOTQ1MzQ1OTc1ODcwMQ==","100006424566665","https://scontent.fhyd11-1.fna.fbcdn.net/v/t39.30808-1/419279874_4368795350011241_6281953519765070978_n.jpg?stp=c0.11.32.32a_cp0_dst-jpg_p32x32&_nc_cat=100&ccb=1-7&_nc_sid=5f2048&_nc_ohc=Zg2nikdRG_wAb4Lo4mw&_nc_ht=scontent.fhyd11-1.fna&oh=00_AfDJKhh-11xO0qSvTHJTp7lVhGqjbfLTI4W176WXv6RvPw&oe=66188B9E","David C Matthews","Unmarked dog unit in Barkshire, sorry I mean Berkshire,üòùüòù","https://www.facebook.com/Idiotukdriversmedia/posts/pfbid036g4DRMgNCd8BtQJAwHUDgaaub6En6qPvR39bfXmMcjPMfq9CemQLkRUHPzGas3Mel?comment_id=2039453459758701","1","0","0","04/07/2024 11:01:58 AM"
"Y29tbWVudDo3NTU0Njc3MzMzNTQ4OTdfMTM0MDUyMzQzMzMwMjYxOQ==","100045089588929","https://scontent.fhyd11-3.fna.fbcdn.net/v/t39.30808-1/347412261_793760815470231_6018039137560626503_n.jpg?stp=cp0_dst-jpg_p32x32&_nc_cat=109&ccb=1-7&_nc_sid=5f2048&_nc_ohc=AK0dLcJNGFAAb6lrSFM&_nc_ht=scontent.fhyd11-3.fna&oh=00_AfCjIyba_5pWzFndE9WsDC_HDYgg-OTFnEH9N5ojX888lA&oe=66188ED4","Jake Betts","This just shows the speed cameras are a bit pointless. If the dog unit wasn't there the BMW would've got away with it","https://www.facebook.com/Idiotukdriversmedia/posts/pfbid036g4DRMgNCd8BtQJAwHUDgaaub6En6qPvR39bfXmMcjPMfq9CemQLkRUHPzGas3Mel?comment_id=1340523433302619","0","0","0","04/07/2024 11:16:42 AM"
"Y29tbWVudDo3NTU0Njc3MzMzNTQ4OTdfNzQxNTI1MDYxMzk5NDk4","1103553527","https://scontent.fhyd11-3.fna.fbcdn.net/v/t39.30808-1/431171357_10231836707156293_1857792570223016721_n.jpg?stp=cp0_dst-jpg_p32x32&_nc_cat=108&ccb=1-7&_nc_sid=5f2048&_nc_ohc=ZlboBVPGVt4Ab7abLTV&_nc_ht=scontent.fhyd11-3.fna&oh=00_AfA2FWM3qY9ZtP-vk91QnDYXI9T_dm_BSQU4JGQi5LW4cg&oe=66188286","Graham Noble","üëèüëèüëè
Perpetuating the brand reputation.","https://www.facebook.com/Idiotukdriversmedia/posts/pfbid036g4DRMgNCd8BtQJAwHUDgaaub6En6qPvR39bfXmMcjPMfq9CemQLkRUHPzGas3Mel?comment_id=741525061399498","5","0","0","04/07/2024 11:22:11 AM"
"Y29tbWVudDo3NTU0Njc3MzMzNTQ4OTdfNzU1MzUyNzYzODA0MzA1MQ==","1222606085","https://scontent.fhyd11-1.fna.fbcdn.net/v/t39.30808-1/406694842_10223354555271765_3403176196466636730_n.jpg?stp=cp0_dst-jpg_p32x32&_nc_cat=102&ccb=1-7&_nc_sid=5f2048&_nc_ohc=wyCJTiNnKaAAb7GydgU&_nc_ht=scontent.fhyd11-1.fna&oh=00_AfCEF6kEXpEelzwkTnmHw7t9GitmrJ6K6uXZ4PKNuLglHQ&oe=66187FCA","Tony McDonald","Typical behaviour really 
And the driver will cry hardship and still be on the roads even with 14 points!!","https://www.facebook.com/Idiotukdriversmedia/posts/pfbid036g4DRMgNCd8BtQJAwHUDgaaub6En6qPvR39bfXmMcjPMfq9CemQLkRUHPzGas3Mel?comment_id=7553527638043051","0","0","0","04/07/2024 11:23:26 AM"
"Y29tbWVudDo3NTU0Njc3MzMzNTQ4OTdfODg5MjQ0NTM5ODc5MTEw","100001751251447","https://scontent.fhyd11-2.fna.fbcdn.net/v/t39.30808-1/432244499_7369584779776491_4712523500474944179_n.jpg?stp=c0.0.32.32a_cp0_dst-jpg_p32x32&_nc_cat=104&ccb=1-7&_nc_sid=5f2048&_nc_ohc=UOeOEscajhAAb4H8OJX&_nc_ht=scontent.fhyd11-2.fna&oh=00_AfCuTRJol5HxD-gbLBOWDEE5If00L4x1HvVtQN3hJq94Aw&oe=66186D84","Stephen Pilsworth","https://scontent.fhyd11-3.fna.fbcdn.net/v/t39.30808-6/434863721_7487927174608917_5903884929502529209_n.jpg?stp=dst-jpg_p173x172&_nc_cat=109&ccb=1-7&_nc_sid=5f2048&_nc_ohc=9oiEIe8r4ykAb5Y9oqt&_nc_ht=scontent.fhyd11-3.fna&oh=00_AfCK_B0aIH2drHcgnaVUSKWaJbkoja2XrDx_FoLVWfi0mQ&oe=66185C87","https://www.facebook.com/Idiotukdriversmedia/posts/pfbid036g4DRMgNCd8BtQJAwHUDgaaub6En6qPvR39bfXmMcjPMfq9CemQLkRUHPzGas3Mel?comment_id=889244539879110","0","0","0","04/07/2024 11:35:21 AM"
"Y29tbWVudDo3NTU0Njc3MzMzNTQ4OTdfOTQ1ODAxNTUwNTM1NjA2","1502014063","https://scontent.fhyd11-1.fna.fbcdn.net/v/t39.30808-1/434034460_10225009888583377_6016831184659788398_n.jpg?stp=cp0_dst-jpg_p32x32&_nc_cat=111&ccb=1-7&_nc_sid=5f2048&_nc_ohc=XlWBYq0jSNkAb5LndgP&_nc_ht=scontent.fhyd11-1.fna&oh=00_AfDrhycguUp-Q4ySNWkYtq4POW7lhuZ4Ph9GXuzJmt_itg&oe=6618677B","Andrew Bestwick","Has anyone on here lost a mate or family member to a tool driving too fast or smacked out on drugs that got behind the wheel.  The devastation it can cause is second to none.  Shame the current laws are fickle.","https://www.facebook.com/Idiotukdriversmedia/posts/pfbid036g4DRMgNCd8BtQJAwHUDgaaub6En6qPvR39bfXmMcjPMfq9CemQLkRUHPzGas3Mel?comment_id=945801550535606","2","0","2","04/07/2024 11:37:39 AM"
"Y29tbWVudDo3NTU0Njc3MzMzNTQ4OTdfOTU1NTMxMzQ1NzUyOTAy","1644663308","https://scontent.fhyd11-1.fna.fbcdn.net/v/t39.30808-1/382785137_10227553316492240_7171914333161588845_n.jpg?stp=cp0_dst-jpg_p32x32&_nc_cat=100&ccb=1-7&_nc_sid=5f2048&_nc_ohc=FHFipVxCxogAb5dKdEE&_nc_ht=scontent.fhyd11-1.fna&oh=00_AfADe4InQ08mL1JkqLrX0Xt7d0p8h4O2pHJipyghZwx7_A&oe=66186D2C","Leanne Thomas","Ian Thomas","https://www.facebook.com/Idiotukdriversmedia/posts/pfbid036g4DRMgNCd8BtQJAwHUDgaaub6En6qPvR39bfXmMcjPMfq9CemQLkRUHPzGas3Mel?comment_id=955531345752902","0","0","0","04/07/2024 12:03:29 PM"
"Y29tbWVudDo3NTU0Njc3MzMzNTQ4OTdfODMxMDc3NTY4ODUxNDEy","1345462894","https://scontent.fhyd11-1.fna.fbcdn.net/v/t39.30808-1/405038245_10231290436627934_3607014386045557363_n.jpg?stp=cp6_dst-jpg_p32x32&_nc_cat=111&ccb=1-7&_nc_sid=5f2048&_nc_ohc=qOCuvYnAuWIAb4I7J62&_nc_ht=scontent.fhyd11-1.fna&oh=00_AfDAGcXbVuipz1PnBseFdWdtHkAA0cS2oLbGsZPaSLx6zw&oe=661866AF","Jev Jevio","They will do 174 mph so he was just cruising at 69%","https://www.facebook.com/Idiotukdriversmedia/posts/pfbid036g4DRMgNCd8BtQJAwHUDgaaub6En6qPvR39bfXmMcjPMfq9CemQLkRUHPzGas3Mel?comment_id=831077568851412","6","0","0","04/07/2024 12:09:57 PM"
"Y29tbWVudDo3NTU0Njc3MzMzNTQ4OTdfMzE1Mzc3NjA0NjI1OTI4","100000673147062","https://scontent.fhyd11-1.fna.fbcdn.net/v/t1.6435-1/122032527_3787621087936959_7885056814596881658_n.jpg?stp=cp0_dst-jpg_p32x32&_nc_cat=111&ccb=1-7&_nc_sid=5f2048&_nc_ohc=Y6fEBfYyIuQAb56Bx83&_nc_ht=scontent.fhyd11-1.fna&oh=00_AfD18Z-VozEcZ0Nf8e7Ywo9oilBac7CH3nHIWabAyI0Flg&oe=663A02E0","Dennis Mitchell","üëç","https://www.facebook.com/Idiotukdriversmedia/posts/pfbid036g4DRMgNCd8BtQJAwHUDgaaub6En6qPvR39bfXmMcjPMfq9CemQLkRUHPzGas3Mel?comment_id=315377604625928","0","0","0","04/07/2024 12:28:36 PM"
"Y29tbWVudDo3NTU0Njc3MzMzNTQ4OTdfNDM4NDEwMTgyMDU0Njc1","654511267","https://scontent.fhyd11-2.fna.fbcdn.net/v/t39.30808-1/339857266_766577008112038_8113041298890101476_n.jpg?stp=cp0_dst-jpg_p32x32&_nc_cat=105&ccb=1-7&_nc_sid=5f2048&_nc_ohc=bDljXAj27xMAb5UNqhn&_nc_ht=scontent.fhyd11-2.fna&oh=00_AfDKbVHsn6d5Ut9VWLgnmKcRkiwwpKFZrErT_ktJh7ehoA&oe=66188C2D","Odette Wood","Classic BMW driver üòÜ","https://www.facebook.com/Idiotukdriversmedia/posts/pfbid036g4DRMgNCd8BtQJAwHUDgaaub6En6qPvR39bfXmMcjPMfq9CemQLkRUHPzGas3Mel?comment_id=438410182054675","2","0","1","04/07/2024 12:29:40 PM"
"Y29tbWVudDo3NTU0Njc3MzMzNTQ4OTdfMzU4Nzc4NDE2NTMwMTQ3","556804462","https://scontent.fhyd11-1.fna.fbcdn.net/v/t1.6435-1/55832974_10157040170094463_5218778464600981504_n.jpg?stp=cp0_dst-jpg_p32x32&_nc_cat=102&ccb=1-7&_nc_sid=5f2048&_nc_ohc=LOUpx8Gid3kAb6AoREH&_nc_ht=scontent.fhyd11-1.fna&oh=00_AfA1IXMTmtEwfNRDnW-VyJ7HZq-eyf_selRiH21uVwvw7Q&oe=663A1626","Phil Burton","Assuming he hasn‚Äôt got Nick Freeman on the case","https://www.facebook.com/Idiotukdriversmedia/posts/pfbid036g4DRMgNCd8BtQJAwHUDgaaub6En6qPvR39bfXmMcjPMfq9CemQLkRUHPzGas3Mel?comment_id=358778416530147","0","0","0","04/07/2024 12:38:06 PM"
"Y29tbWVudDo3NTU0Njc3MzMzNTQ4OTdfNDM2OTk1OTM1NTc1Njgy","581547686","https://scontent.fhyd11-3.fna.fbcdn.net/v/t39.30808-1/416064599_10159376915277687_9021707159774205893_n.jpg?stp=cp0_dst-jpg_p32x32&_nc_cat=108&ccb=1-7&_nc_sid=5f2048&_nc_ohc=PiA0qHAhKw4Ab5oFF4p&_nc_ht=scontent.fhyd11-3.fna&oh=00_AfAkRwA0cfID4grpop-J_Qypj8C6VhYui9ZjpjBFp6SSZA&oe=66188B5A","Roger Burton","Name and shame","https://www.facebook.com/Idiotukdriversmedia/posts/pfbid036g4DRMgNCd8BtQJAwHUDgaaub6En6qPvR39bfXmMcjPMfq9CemQLkRUHPzGas3Mel?comment_id=436995935575682","0","0","0","04/07/2024 12:51:23 PM"
"Y29tbWVudDo3NTU0Njc3MzMzNTQ4OTdfOTU5MTg4MTgyMjE1MzM2","1061710018","https://scontent.fhyd11-2.fna.fbcdn.net/v/t1.6435-1/110113418_10220666229179930_1500406716447263568_n.jpg?stp=cp0_dst-jpg_p32x32&_nc_cat=101&ccb=1-7&_nc_sid=5f2048&_nc_ohc=nAGrgo1n1yAAb4AoHZp&_nc_ht=scontent.fhyd11-2.fna&oh=00_AfCbvjnen_E4x8xYJoMwMe0Xn2zIMv-naV8HQN9xT8nVWw&oe=6639FDDA","Greg Jordan","4 years ago there were 50 people with over 30 points. 

Wouldn‚Äôt count your chickens before they‚Äôve hatched!","https://www.facebook.com/Idiotukdriversmedia/posts/pfbid036g4DRMgNCd8BtQJAwHUDgaaub6En6qPvR39bfXmMcjPMfq9CemQLkRUHPzGas3Mel?comment_id=959188182215336","1","0","2","04/07/2024 01:01:36 PM"
"Y29tbWVudDo3NTU0Njc3MzMzNTQ4OTdfNDM3Mjk4NjAyMjk2NTUy","600005015","https://scontent.fhyd11-3.fna.fbcdn.net/v/t39.30808-1/424722543_10161679156200016_5479343764941006487_n.jpg?stp=cp0_dst-jpg_p32x32&_nc_cat=109&ccb=1-7&_nc_sid=5f2048&_nc_ohc=VtO-u6psmiUAb5DvUeE&_nc_ht=scontent.fhyd11-3.fna&oh=00_AfD3e-RCijGgxHURuwAAKE5MSOz_wNpz87X6sSr9y56V9Q&oe=66186C33","Louise Sumnall","Won't stop the a hole from driving though.","https://www.facebook.com/Idiotukdriversmedia/posts/pfbid036g4DRMgNCd8BtQJAwHUDgaaub6En6qPvR39bfXmMcjPMfq9CemQLkRUHPzGas3Mel?comment_id=437298602296552","1","0","0","04/07/2024 01:10:36 PM"
"Y29tbWVudDo3NTU0Njc3MzMzNTQ4OTdfMTEwODA1MjE3NzEzNzI1OQ==","100001149004066","https://scontent.fhyd11-1.fna.fbcdn.net/v/t39.30808-1/433991327_7400605393321021_4198504088217566856_n.jpg?stp=cp0_dst-jpg_p32x32&_nc_cat=110&ccb=1-7&_nc_sid=5f2048&_nc_ohc=WEpobqJ25ZsAb6yHXjJ&_nc_ht=scontent.fhyd11-1.fna&oh=00_AfBW-wKVRJn9mGlVFs70AYWlh8KOKeSVnUr_2VWNi4_-Xg&oe=66185FD7","Zack Robinson","120mph is that it ü•±  surely could have pushed it to like at least 140","https://www.facebook.com/Idiotukdriversmedia/posts/pfbid036g4DRMgNCd8BtQJAwHUDgaaub6En6qPvR39bfXmMcjPMfq9CemQLkRUHPzGas3Mel?comment_id=1108052177137259","0","0","0","04/07/2024 01:10:53 PM"
"Y29tbWVudDo3NTU0Njc3MzMzNTQ4OTdfMTQ0NDQ5MjYyNjI1Mzg2OA==","1219308078","https://scontent.fhyd11-3.fna.fbcdn.net/v/t39.30808-1/273995594_10228039578234301_2919138518779492528_n.jpg?stp=cp0_dst-jpg_p32x32&_nc_cat=108&ccb=1-7&_nc_sid=5f2048&_nc_ohc=c_5vDTkd78AAb6q-WfZ&_nc_ht=scontent.fhyd11-3.fna&oh=00_AfB6_ZF5NCGQOXaqfV04BznZNBglGAPI-WwIb1cVhMHHBg&oe=66187582","Jon Davenport","How thick would you have to be to do that if you already have 9 points...what a dumbo.  I'm surprised he's not been charged with dangerous driving at that speed.","https://www.facebook.com/Idiotukdriversmedia/posts/pfbid036g4DRMgNCd8BtQJAwHUDgaaub6En6qPvR39bfXmMcjPMfq9CemQLkRUHPzGas3Mel?comment_id=1444492626253868","1","0","0","04/07/2024 01:21:08 PM"
"Y29tbWVudDo3NTU0Njc3MzMzNTQ4OTdfMTc3NDkwNTM0MzAwMzkwOQ==","1077489407","https://scontent.fhyd11-2.fna.fbcdn.net/v/t39.30808-1/411052793_10228143698512516_2858404457804830296_n.jpg?stp=cp0_dst-jpg_p32x32&_nc_cat=105&ccb=1-7&_nc_sid=5f2048&_nc_ohc=rzF69qSniwcAb4dYvlD&_nc_ht=scontent.fhyd11-2.fna&oh=00_AfCK8gv0adrfoSROU5jstCeBpP1yhSI5jS8XwmW7E1BwhQ&oe=66188389","Bill Welbury","Will probably still drive without a license.","https://www.facebook.com/Idiotukdriversmedia/posts/pfbid036g4DRMgNCd8BtQJAwHUDgaaub6En6qPvR39bfXmMcjPMfq9CemQLkRUHPzGas3Mel?comment_id=1774905343003909","7","0","1","04/07/2024 01:38:18 PM"
"Y29tbWVudDo3NTU0Njc3MzMzNTQ4OTdfMTE2MjIyMjk0NDc4NDY0MQ==","1075359599","https://scontent.fhyd11-2.fna.fbcdn.net/v/t39.30808-1/431085990_10228063360224038_2700255137691811467_n.jpg?stp=cp0_dst-jpg_p32x32&_nc_cat=101&ccb=1-7&_nc_sid=5f2048&_nc_ohc=L1mAqyeKzrkAb6IysbU&_nc_ht=scontent.fhyd11-2.fna&oh=00_AfAlz0e1O8h9cRhHW1YBCLoCy45PCwiVEgUQhQMzrTdLDA&oe=66186787","Dave Woody Wood","Oh no, how is he going to get to his swivel chair and keyboard tomorrow? üòÆü§£","https://www.facebook.com/Idiotukdriversmedia/posts/pfbid036g4DRMgNCd8BtQJAwHUDgaaub6En6qPvR39bfXmMcjPMfq9CemQLkRUHPzGas3Mel?comment_id=1162222944784641","0","0","0","04/07/2024 01:38:53 PM"
"Y29tbWVudDo3NTU0Njc3MzMzNTQ4OTdfNDU0Nzk0NzUzNTY2MzA3","1188817017","https://scontent.fhyd11-1.fna.fbcdn.net/v/t39.30808-1/325131125_921461529034709_2187832750385859894_n.jpg?stp=cp0_dst-jpg_p32x32&_nc_cat=100&ccb=1-7&_nc_sid=5f2048&_nc_ohc=H6VtlTBDnwAAb6j0uqB&_nc_ht=scontent.fhyd11-1.fna&oh=00_AfDQqZka_wvcCLcYW-mNE2HZBQFCtXo40gVT5Ejk4ovU5w&oe=66186655","Kieran Beswick","It‚Äôll go to court and they‚Äôll be using some excuse loophole to avoid losing their license, let‚Äôs be honest. Justice system is a joke and does NOT work.","https://www.facebook.com/Idiotukdriversmedia/posts/pfbid036g4DRMgNCd8BtQJAwHUDgaaub6En6qPvR39bfXmMcjPMfq9CemQLkRUHPzGas3Mel?comment_id=454794753566307","0","0","0","04/07/2024 01:38:56 PM"
"Y29tbWVudDo3NTU0Njc3MzMzNTQ4OTdfNzg0NzE2MjkzNTc0Mzk3","100000379053011","https://scontent.fhyd11-2.fna.fbcdn.net/v/t39.30808-1/396175761_6947639595258607_3607378931263609266_n.jpg?stp=cp0_dst-jpg_p32x32&_nc_cat=105&ccb=1-7&_nc_sid=5f2048&_nc_ohc=TIDae4ZbAdoAb5gKwyZ&_nc_ht=scontent.fhyd11-2.fna&oh=00_AfCuXP_M54QIj37hhy7gSK-MoMjd4vH7YX2qFcISaAcaOw&oe=66188AC0","Andy Prosser","But did he indicate?","https://www.facebook.com/Idiotukdriversmedia/posts/pfbid036g4DRMgNCd8BtQJAwHUDgaaub6En6qPvR39bfXmMcjPMfq9CemQLkRUHPzGas3Mel?comment_id=784716293574397","0","0","0","04/07/2024 01:42:35 PM"
"Y29tbWVudDo3NTU0Njc3MzMzNTQ4OTdfMjA4MTY2MzEyMjE5NTI2MQ==","100000476820720","https://scontent.fhyd11-3.fna.fbcdn.net/v/t39.30808-1/308553470_8788831867809287_464378739845340097_n.jpg?stp=cp0_dst-jpg_p32x32&_nc_cat=107&ccb=1-7&_nc_sid=5f2048&_nc_ohc=VFLby5AbYkcAb7AZ20Z&_nc_ht=scontent.fhyd11-3.fna&oh=00_AfCmGT5OmwFYyK9yQrYPWlz-dRQRz2DHrWfZvWid7uz_og&oe=661888CD","Romeo-Mihai Manciu","120... i do that in my Vauhxal Moka on a normal day on Autobahn. Our speed limit need to be updated... No speed limit is the best.","https://www.facebook.com/Idiotukdriversmedia/posts/pfbid036g4DRMgNCd8BtQJAwHUDgaaub6En6qPvR39bfXmMcjPMfq9CemQLkRUHPzGas3Mel?comment_id=2081663122195261","1","0","3","04/07/2024 01:44:26 PM"
"Y29tbWVudDo3NTU0Njc3MzMzNTQ4OTdfNDM0NzU4OTU5MDYyNzc5","100000509346979","https://scontent.fhyd11-1.fna.fbcdn.net/v/t39.30808-1/299687968_6221143081245942_4850388130058017740_n.jpg?stp=cp6_dst-jpg_p32x32&_nc_cat=100&ccb=1-7&_nc_sid=5f2048&_nc_ohc=ZWYWZIU1D2kAb7GA72M&_nc_ht=scontent.fhyd11-1.fna&oh=00_AfCvjGAnrep6CiuGlOXBVgDIdPe5d4iWutVln3EsFEqG9Q&oe=66186519","Yiannis Batziakas","https://scontent.fhyd11-3.fna.fbcdn.net/v/t39.30808-6/434584494_8330051900355039_2552044571810145048_n.jpg?stp=dst-jpg_p75x225&_nc_cat=109&ccb=1-7&_nc_sid=5f2048&_nc_ohc=PCqhUDRWxuwAb72Q3bi&_nc_ht=scontent.fhyd11-3.fna&oh=00_AfDjqbRIIJJD57o4ERcLR2ZkH-lYzUr6eDTI04ZlbACj3Q&oe=66186989","https://www.facebook.com/Idiotukdriversmedia/posts/pfbid036g4DRMgNCd8BtQJAwHUDgaaub6En6qPvR39bfXmMcjPMfq9CemQLkRUHPzGas3Mel?comment_id=434758959062779","0","0","0","04/07/2024 01:56:30 PM"
"Y29tbWVudDo3NTU0Njc3MzMzNTQ4OTdfMTM3Nzc4NjYxMDI4OTQyMg==","100012833470974","https://scontent.fhyd11-2.fna.fbcdn.net/v/t39.30808-1/404059273_1904706516633779_5601068978382709548_n.jpg?stp=cp0_dst-jpg_p32x32&_nc_cat=104&ccb=1-7&_nc_sid=5f2048&_nc_ohc=krN5d7au2koAb7vHLqD&_nc_ht=scontent.fhyd11-2.fna&oh=00_AfAtBk9gEQg4H_uA9DNPPvHLDqBqTEIzOk9JnehUTxZc1Q&oe=66188AEA","Nathan Worrall","120mph on a motorway at night is sound","https://www.facebook.com/Idiotukdriversmedia/posts/pfbid036g4DRMgNCd8BtQJAwHUDgaaub6En6qPvR39bfXmMcjPMfq9CemQLkRUHPzGas3Mel?comment_id=1377786610289422","10","0","0","04/07/2024 02:07:51 PM"
"Y29tbWVudDo3NTU0Njc3MzMzNTQ4OTdfNDA0MzQ5Nzc4OTk4MDgy","100003031504573","https://scontent.fhyd11-3.fna.fbcdn.net/v/t1.18169-1/12809567_852409758203400_644748392365878487_n.jpg?stp=c8.0.32.32a_cp0_dst-jpg_p32x32&_nc_cat=106&ccb=1-7&_nc_sid=5f2048&_nc_ohc=ctgkRKbHfwwAb7XqOlx&_nc_ht=scontent.fhyd11-3.fna&oh=00_AfDpB44b7mwvAjDovYOeR_XzMHhrwLoX05d__ZO6kGVT4A&oe=663A267F","Andrew Pestell","Excellent another wannabe gangster, pond feeder off the roads üíØüëåüèªüêÄ","https://www.facebook.com/Idiotukdriversmedia/posts/pfbid036g4DRMgNCd8BtQJAwHUDgaaub6En6qPvR39bfXmMcjPMfq9CemQLkRUHPzGas3Mel?comment_id=404349778998082","0","0","0","04/07/2024 02:24:47 PM"
"Y29tbWVudDo3NTU0Njc3MzMzNTQ4OTdfMTYzNzQ2MTgxMzY2NDAxMA==","809334656","https://scontent.fhyd11-1.fna.fbcdn.net/v/t39.30808-1/360144301_10163300504984657_4081563099399390780_n.jpg?stp=cp0_dst-jpg_p32x32&_nc_cat=100&ccb=1-7&_nc_sid=5f2048&_nc_ohc=Jj8sP7Iwz30Ab6kjjvm&_nc_ht=scontent.fhyd11-1.fna&oh=00_AfADirT5VCUEqW7TAZ9DLQD0b_DK7nK4zxBe3M5Gzk6pdg&oe=661883F9","Andy Watson","If the BMW had a flashing red light in the middle of his rear bumper he burnt past me yesterday then slammed his brakes on at the overhead gantry then accelerated away ‚Ä¶.","https://www.facebook.com/Idiotukdriversmedia/posts/pfbid036g4DRMgNCd8BtQJAwHUDgaaub6En6qPvR39bfXmMcjPMfq9CemQLkRUHPzGas3Mel?comment_id=1637461813664010","1","0","0","04/07/2024 02:43:39 PM"
"Y29tbWVudDo3NTU0Njc3MzMzNTQ4OTdfNzQ0NzM5MjA0NTMwNzM1OQ==","544610256","https://scontent.fhyd11-3.fna.fbcdn.net/v/t39.30808-1/433876735_10168394913300257_7188036948235079913_n.jpg?stp=cp0_dst-jpg_p32x32&_nc_cat=109&ccb=1-7&_nc_sid=5f2048&_nc_ohc=dwwGoB4VVEAAb7JVWzc&_nc_ht=scontent.fhyd11-3.fna&oh=00_AfDRTSnVNkTOvi6qnKMZl5Ko2SPknuR4aJ_JVWj00Lz1Iw&oe=661860AF","Rob Lewis","BMW. Say no more üôÑ","https://www.facebook.com/Idiotukdriversmedia/posts/pfbid036g4DRMgNCd8BtQJAwHUDgaaub6En6qPvR39bfXmMcjPMfq9CemQLkRUHPzGas3Mel?comment_id=7447392045307359","0","0","0","04/07/2024 02:46:33 PM"
"Y29tbWVudDo3NTU0Njc3MzMzNTQ4OTdfMzk3NDg0NjIzMDgyMTQ5","100089239564822","https://scontent.fhyd11-1.fna.fbcdn.net/v/t39.30808-1/323352260_688672179636942_4137188582695560387_n.jpg?stp=cp0_dst-jpg_p32x32&_nc_cat=100&ccb=1-7&_nc_sid=5f2048&_nc_ohc=009ijCaAb0AAb4wW7us&_nc_ht=scontent.fhyd11-1.fna&oh=00_AfC7WmdXqMNoPyghJ2Kx8YYNl5tNEkdRDvFkwLU-UDz5LQ&oe=66185CB4","Ashok Raj","Dog unit in Berkshire ü§£","https://www.facebook.com/Idiotukdriversmedia/posts/pfbid036g4DRMgNCd8BtQJAwHUDgaaub6En6qPvR39bfXmMcjPMfq9CemQLkRUHPzGas3Mel?comment_id=397484623082149","0","0","0","04/07/2024 03:24:07 PM"
"Y29tbWVudDo3NTU0Njc3MzMzNTQ4OTdfMjU1NzAyMjk0MjkwNzQy","1210915659","https://scontent.fhyd11-2.fna.fbcdn.net/v/t1.6435-1/120719758_10225660904408662_8066613486512315707_n.jpg?stp=cp0_dst-jpg_p32x32&_nc_cat=101&ccb=1-7&_nc_sid=5f2048&_nc_ohc=_0HPKUKRtgQAb45gcWU&_nc_ht=scontent.fhyd11-2.fna&oh=00_AfBPGcaGjhQDXM-vvo3tUE7rqCZ7E73MOJ-lNJ_-iEoSfQ&oe=6639FFED","Jack Lissimore","Slowed down for the cameras so there was care and attention.
Being safe for the safety cameras","https://www.facebook.com/Idiotukdriversmedia/posts/pfbid036g4DRMgNCd8BtQJAwHUDgaaub6En6qPvR39bfXmMcjPMfq9CemQLkRUHPzGas3Mel?comment_id=255702294290742","4","0","0","04/07/2024 03:42:13 PM"
"Y29tbWVudDo3NTU0Njc3MzMzNTQ4OTdfMzU4NDk2NDA2NTYyOTYz","100047800131818","https://scontent.fhyd11-1.fna.fbcdn.net/v/t39.30808-1/397118775_854070966196233_5357783009513958706_n.jpg?stp=cp0_dst-jpg_p32x32&_nc_cat=102&ccb=1-7&_nc_sid=5f2048&_nc_ohc=12v9oY9fgWsAb7yUGcN&_nc_ht=scontent.fhyd11-1.fna&oh=00_AfDJq5NUF5AJUYK-wFPkGf_KrzcsInAJ2rkYZE_fMP8Gxw&oe=66187D72","Jamal Thomas","How did they get his speed exactly?","https://www.facebook.com/Idiotukdriversmedia/posts/pfbid036g4DRMgNCd8BtQJAwHUDgaaub6En6qPvR39bfXmMcjPMfq9CemQLkRUHPzGas3Mel?comment_id=358496406562963","1","0","0","04/07/2024 03:48:00 PM"
"Y29tbWVudDo3NTU0Njc3MzMzNTQ4OTdfNDE2NzA2MTAxMTAzMzI5","1536433518","https://scontent.fhyd11-3.fna.fbcdn.net/v/t39.30808-1/368029318_10230064312141954_2031184787884643_n.jpg?stp=c12.0.32.32a_cp0_dst-jpg_p32x32&_nc_cat=107&ccb=1-7&_nc_sid=5f2048&_nc_ohc=h6YzETi77ckAb6NplIw&_nc_ht=scontent.fhyd11-3.fna&oh=00_AfDYq8vpMxZOiXnGar9vi7hX_lZmkzKC5yzTH-fqwuQIrA&oe=661876AF","Michael Parker","probably another 'entitled' post millennial whos religion is not Christianity.. speed is ok on a nice sunny clear dry day, but NOT at night on wet roads...","https://www.facebook.com/Idiotukdriversmedia/posts/pfbid036g4DRMgNCd8BtQJAwHUDgaaub6En6qPvR39bfXmMcjPMfq9CemQLkRUHPzGas3Mel?comment_id=416706101103329","0","0","0","04/07/2024 03:48:54 PM"
"Y29tbWVudDo3NTU0Njc3MzMzNTQ4OTdfMzc1MjE2MzYxNTAxNzQyOA==","1078539272","https://scontent.fhyd11-1.fna.fbcdn.net/v/t39.30808-1/407273759_10228674611465043_4651813897995778340_n.jpg?stp=cp0_dst-jpg_p32x32&_nc_cat=100&ccb=1-7&_nc_sid=5f2048&_nc_ohc=8BpsvHMUyLUAb6MIuCQ&_nc_ht=scontent.fhyd11-1.fna&oh=00_AfCFXjA6eZtfvqy3aWvm9HYxEFB8VJAk5VYzYNz00nkvJg&oe=66188710","Andy Todd","https://external.fhyd11-2.fna.fbcdn.net/emg1/v/t13/4901390858032330591?url=https%3A%2F%2Fmedia.tenor.co%2FuvfaUaPFi1sAAAAC%2Frookie-numbers-rookie-numbers-gif.gif%3Ft%3DAAYVfwO1-hcHSc_GDAHbLQ%26c%3DVjFfZmFjZWJvb2s&fb_obo=1&utld=tenor.co&stp=dst-jpg_flffffff_q75_s396x396&ccb=13-1&oh=06_AX1LuGemqVKVhG9-Tup3NEC5EcHYUIprDfVT9ChNBF3QBA&oe=661493CC&_nc_sid=867500","https://www.facebook.com/Idiotukdriversmedia/posts/pfbid036g4DRMgNCd8BtQJAwHUDgaaub6En6qPvR39bfXmMcjPMfq9CemQLkRUHPzGas3Mel?comment_id=3752163615017428","0","0","0","04/07/2024 03:48:59 PM"
"Y29tbWVudDo3NTU0Njc3MzMzNTQ4OTdfMjkwODY3NDA0MDU1MjY1","1147582040","https://scontent.fhyd11-1.fna.fbcdn.net/v/t39.30808-1/431424533_10233267714612052_1092193284368371635_n.jpg?stp=cp0_dst-jpg_p32x32&_nc_cat=111&ccb=1-7&_nc_sid=5f2048&_nc_ohc=z7KIreWMpB8Ab5Tkq7T&_nc_ht=scontent.fhyd11-1.fna&oh=00_AfCeqDjCP7M0D5fIZuR23BEIytFJ3CvQMwpyKfin5y5Tcw&oe=66185CC1","Olga Collins","https://scontent.fhyd11-2.fna.fbcdn.net/v/t39.30808-6/433922411_10233406962573164_7216545560105716839_n.jpg?stp=dst-jpg_p100x100&_nc_cat=104&ccb=1-7&_nc_sid=5f2048&_nc_ohc=FydidE0jX70Ab6aqXuS&_nc_ht=scontent.fhyd11-2.fna&oh=00_AfA37GZqoZn249gd_EvWleWVC3wY-N2OsG6oO7txw9cRCQ&oe=66186729","https://www.facebook.com/Idiotukdriversmedia/posts/pfbid036g4DRMgNCd8BtQJAwHUDgaaub6En6qPvR39bfXmMcjPMfq9CemQLkRUHPzGas3Mel?comment_id=290867404055265","0","0","0","04/07/2024 03:51:33 PM"
"Y29tbWVudDo3NTU0Njc3MzMzNTQ4OTdfMTY5NDk0Mzk0MTA4MzM3NQ==","1602193177","https://scontent.fhyd11-2.fna.fbcdn.net/v/t1.18169-1/12295260_10206937591350580_3891872199360478253_n.jpg?stp=cp0_dst-jpg_p32x32&_nc_cat=101&ccb=1-7&_nc_sid=5f2048&_nc_ohc=CMCbmWP4GqcAb5PlNyq&_nc_ht=scontent.fhyd11-2.fna&oh=00_AfAl4q448ftltinRSIA-TpuR-W0wlMN_V44Sd9I5xQjYQw&oe=663A14E4","Wayne Keeling","9 points on license and doing that?

I've no sympathy üòÜ","https://www.facebook.com/Idiotukdriversmedia/posts/pfbid036g4DRMgNCd8BtQJAwHUDgaaub6En6qPvR39bfXmMcjPMfq9CemQLkRUHPzGas3Mel?comment_id=1694943941083375","0","0","0","04/07/2024 04:04:11 PM"
"Y29tbWVudDo3NTU0Njc3MzMzNTQ4OTdfMzc2MjUzMjA4NzE4NTk0","100008028978465","https://scontent.fhyd11-2.fna.fbcdn.net/v/t39.30808-1/356382186_3523963234547941_3566526774134490575_n.jpg?stp=cp0_dst-jpg_p32x32&_nc_cat=105&ccb=1-7&_nc_sid=5f2048&_nc_ohc=oLQkOBWUQKcAb6utW00&_nc_ht=scontent.fhyd11-2.fna&oh=00_AfApHqkKt4M0jOtuWuaPvhSvPMCPQFHOXaHiII2RnkVW_A&oe=661879E7","Mudasar Ali","Nothing wrong with 120mph. Thats cruise speed. To all the snowflakes who can't handle that sort of pace, stay in the left lane. Meanwhile police isn't available to those who actually need it ü§¶üèª‚Äç‚ôÇÔ∏è","https://www.facebook.com/Idiotukdriversmedia/posts/pfbid036g4DRMgNCd8BtQJAwHUDgaaub6En6qPvR39bfXmMcjPMfq9CemQLkRUHPzGas3Mel?comment_id=376253208718594","8","0","1","04/07/2024 04:10:53 PM"
"Y29tbWVudDo3NTU0Njc3MzMzNTQ4OTdfNDA1OTYzMzk5MDQ1NjU1","615454331","https://scontent.fhyd11-3.fna.fbcdn.net/v/t39.30808-1/434021760_10160459765644332_5800304266778094515_n.jpg?stp=cp0_dst-jpg_p32x32&_nc_cat=106&ccb=1-7&_nc_sid=5f2048&_nc_ohc=FPkvZ-euuQ0Ab6HCKMe&_nc_ht=scontent.fhyd11-3.fna&oh=00_AfDbCbhnCYrUrodyRpSUpcwdngnwK00XClGl32GNov1g3g&oe=661880E4","Ian Senior","Where was the danger?","https://www.facebook.com/Idiotukdriversmedia/posts/pfbid036g4DRMgNCd8BtQJAwHUDgaaub6En6qPvR39bfXmMcjPMfq9CemQLkRUHPzGas3Mel?comment_id=405963399045655","0","0","0","04/07/2024 04:18:03 PM"
"Y29tbWVudDo3NTU0Njc3MzMzNTQ4OTdfMzAxMzU2MDA2MzIzMjg0","100000535485016","https://scontent.fhyd11-3.fna.fbcdn.net/v/t39.30808-1/342719747_1272953326637228_3744526683539448708_n.jpg?stp=cp0_dst-jpg_p32x32&_nc_cat=109&ccb=1-7&_nc_sid=5f2048&_nc_ohc=EuT_QnNKIpUAb6NVakP&_nc_ht=scontent.fhyd11-3.fna&oh=00_AfCdYCBL7o01Svlk2qezhmv_iM7J52k7fnEB5z8J8TFTHw&oe=66188FBE","Kevin Thompson","That's some fast dogs?","https://www.facebook.com/Idiotukdriversmedia/posts/pfbid036g4DRMgNCd8BtQJAwHUDgaaub6En6qPvR39bfXmMcjPMfq9CemQLkRUHPzGas3Mel?comment_id=301356006323284","0","0","0","04/07/2024 04:30:18 PM"
"Y29tbWVudDo3NTU0Njc3MzMzNTQ4OTdfNzQwNzg5ODI0OTEzNTk0","100000809555675","https://scontent.fhyd11-1.fna.fbcdn.net/v/t39.30808-1/269946328_4736879433015662_139308345105772235_n.jpg?stp=cp0_dst-jpg_p32x32&_nc_cat=100&ccb=1-7&_nc_sid=5f2048&_nc_ohc=6WeC2tGOZL8Ab5cWbV9&_nc_ht=scontent.fhyd11-1.fna&oh=00_AfBn1T0fjNQPn-1eq6ZipT8uEb3GPtOzgJ9Vfzf6UZB2dg&oe=661861A4","–ò—Ü–æ –ò–≤–∞–Ω–æ–≤","i drive daily more 140mph why cant catch me with my bike üèçÔ∏è","https://www.facebook.com/Idiotukdriversmedia/posts/pfbid036g4DRMgNCd8BtQJAwHUDgaaub6En6qPvR39bfXmMcjPMfq9CemQLkRUHPzGas3Mel?comment_id=740789824913594","0","0","0","04/07/2024 04:52:59 PM"
"Y29tbWVudDo3NTU0Njc3MzMzNTQ4OTdfOTg1NzYyNjg2MzA3MzU0","1035925650","https://scontent.fhyd11-2.fna.fbcdn.net/v/t39.30808-1/431548232_10228724230584069_2898825908007177199_n.jpg?stp=cp0_dst-jpg_p32x32&_nc_cat=104&ccb=1-7&_nc_sid=5f2048&_nc_ohc=Zt5KxRJ3FmYAb4KEEV_&_nc_ht=scontent.fhyd11-2.fna&oh=00_AfBihWalmM-vVKWfkfwUhABYUzntRmVIWTReGfXC0GtvZQ&oe=66186593","Scott Quinn","Good ...","https://www.facebook.com/Idiotukdriversmedia/posts/pfbid036g4DRMgNCd8BtQJAwHUDgaaub6En6qPvR39bfXmMcjPMfq9CemQLkRUHPzGas3Mel?comment_id=985762686307354","0","0","0","04/07/2024 04:54:16 PM"
"Y29tbWVudDo3NTU0Njc3MzMzNTQ4OTdfODkxOTU3Mzc2MDMzNzg4","1184998730","https://scontent.fhyd11-3.fna.fbcdn.net/v/t39.30808-1/433873096_10232720723058852_1060755499975257715_n.jpg?stp=cp0_dst-jpg_p32x32&_nc_cat=106&ccb=1-7&_nc_sid=5f2048&_nc_ohc=shi6kbBxuyoAb5gffy3&_nc_ht=scontent.fhyd11-3.fna&oh=00_AfC_ZG2Gx6c2meuR4ZmHDP15UkoSH8EXqcYsHTzuLStmWw&oe=66188BE9","Ben Nelson","Yet in Germany you can do this everyday no problem. 70 is a joke","https://www.facebook.com/Idiotukdriversmedia/posts/pfbid036g4DRMgNCd8BtQJAwHUDgaaub6En6qPvR39bfXmMcjPMfq9CemQLkRUHPzGas3Mel?comment_id=891957376033788","0","0","0","04/07/2024 05:46:18 PM"
"Y29tbWVudDo3NTU0Njc3MzMzNTQ4OTdfOTQ0MTcxODkwMzY0NTAz","640478285","https://scontent.fhyd11-1.fna.fbcdn.net/v/t1.18169-1/13906596_10154305367813286_745848530155800765_n.jpg?stp=cp0_dst-jpg_p32x32&_nc_cat=110&ccb=1-7&_nc_sid=5f2048&_nc_ohc=q79JqpgSHV4Ab4c-9R_&_nc_ht=scontent.fhyd11-1.fna&oh=00_AfCazyLcXZvsevEWsZfZMVVdCuc9Cr0W5dd479EZyGWXXw&oe=663A25FB","Won Kai Xian","Francesca Priestley","https://www.facebook.com/Idiotukdriversmedia/posts/pfbid036g4DRMgNCd8BtQJAwHUDgaaub6En6qPvR39bfXmMcjPMfq9CemQLkRUHPzGas3Mel?comment_id=944171890364503","0","0","0","04/07/2024 06:03:10 PM"
"Y29tbWVudDo3NTU0Njc3MzMzNTQ4OTdfNzUxMDUwNTIwNDk1NTUz","100001220597802","https://scontent.fhyd11-2.fna.fbcdn.net/v/t1.6435-1/61909699_2388232644560732_4303410566048776192_n.jpg?stp=cp0_dst-jpg_p32x32&_nc_cat=101&ccb=1-7&_nc_sid=5f2048&_nc_ohc=hxxqTNfgFAUAb7dO_hf&_nc_ht=scontent.fhyd11-2.fna&oh=00_AfAgCh-hbPdhzg6AO7rLiYf2Lfr7i0NHqXAUdrn8Dkuwrg&oe=6639FEEC","Dumitru Marian","He got what he deserved","https://www.facebook.com/Idiotukdriversmedia/posts/pfbid036g4DRMgNCd8BtQJAwHUDgaaub6En6qPvR39bfXmMcjPMfq9CemQLkRUHPzGas3Mel?comment_id=751050520495553","0","0","0","04/07/2024 06:17:08 PM"
"Y29tbWVudDo3NTU0Njc3MzMzNTQ4OTdfOTg4MjIxOTE2MDQ0NjQy","1212421813","https://scontent.fhyd11-2.fna.fbcdn.net/v/t39.30808-1/275177410_10227759728438002_2300649461358550488_n.jpg?stp=cp0_dst-jpg_p32x32&_nc_cat=105&ccb=1-7&_nc_sid=5f2048&_nc_ohc=2IkcNOuIXTEAb5-CXDi&_nc_ht=scontent.fhyd11-2.fna&oh=00_AfDu30Fd1PxSAI7oteZ0GiI0aMVlaAq3UaTdL2OydWRKMg&oe=661867C5","Kate Sev","BMW.  Says it all","https://www.facebook.com/Idiotukdriversmedia/posts/pfbid036g4DRMgNCd8BtQJAwHUDgaaub6En6qPvR39bfXmMcjPMfq9CemQLkRUHPzGas3Mel?comment_id=988221916044642","0","0","0","04/07/2024 06:49:51 PM"
"Y29tbWVudDo3NTU0Njc3MzMzNTQ4OTdfMTA5MTc4NDY2MjEyNjc1NA==","100001422399603","https://scontent.fhyd11-3.fna.fbcdn.net/v/t39.30808-1/343561373_1639869103139937_7468323646150817717_n.jpg?stp=cp0_dst-jpg_p32x32&_nc_cat=109&ccb=1-7&_nc_sid=5f2048&_nc_ohc=p4D14Z63DZ8Ab4BIutQ&_nc_ht=scontent.fhyd11-3.fna&oh=00_AfBTA7yhWjttw9ub3jI-GbGtWSTf0q7i66QNIOayGcHkkA&oe=66185ED8","Gergely Bog√°d","Let bro cook. No one cares.","https://www.facebook.com/Idiotukdriversmedia/posts/pfbid036g4DRMgNCd8BtQJAwHUDgaaub6En6qPvR39bfXmMcjPMfq9CemQLkRUHPzGas3Mel?comment_id=1091784662126754","0","0","0","04/07/2024 06:58:24 PM"